날짜,제목,링크
20250716,"美하원 제동→트럼프 “반대파 설득”에 ‘롤러코스터’…스테이블코인株, 반등 마감 [투자360]",https://n.news.naver.com/mnews/article/016/0002500640
20250716,"하나마이크론 임시주총, '인적분할' 통과에도 확인된 주주 반발",https://n.news.naver.com/mnews/article/648/0000037945
20250716,한달 남은 MSCI 리뷰…상반기 주도주 '지금조방원'서 후보군 다수 배출,https://n.news.naver.com/mnews/article/008/0005222587
20250716,[시황] 美CPI '관세發 물가상승 신호' 확인…코스피 3200선 아래로 ‘털썩’,https://n.news.naver.com/mnews/article/119/0002979966
20250716,'저당 고추장'의 주인공은 고춧가루가 아니었다,https://n.news.naver.com/mnews/article/648/0000037944
20250716,"프로티나, 공모가 상단 1만4000원 확정…29일 코스닥 상장",https://n.news.naver.com/mnews/article/003/0013366826
20250716,"코난테크놀로지, 290억5000만원 규모 유상증자 추진",https://n.news.naver.com/mnews/article/018/0006067151
20250716,"프로티나, 공모가 1만4000원 확정...의무보유 미확약 92%",https://n.news.naver.com/mnews/article/031/0000949287
20250716,"코스닥 도전 프로티나, 공모가 상단 '1만4000원' 확정",https://n.news.naver.com/mnews/article/417/0001089666
20250716,"""180% 불기둥"" 환호 쏟아진 '이 종목' 털썩…추가 상승 어렵다?",https://n.news.naver.com/mnews/article/008/0005222579
20250716,"신한투자증권, 예탁원 주관 토큰증권 테스트베드 실증 사업 완료",https://n.news.naver.com/mnews/article/119/0002979960
20250716,"코스피, 기관 매도에 3180선 하락 마감…환율은 5.5원↑",https://n.news.naver.com/mnews/article/629/0000407989
20250716,"폴라리스세원, 글로벌 로보택시 시장 '확장 모드' 돌입",https://n.news.naver.com/mnews/article/008/0005222576
20250716,"""코인과 주식 동시에""…빗썸, KB증권과 슈퍼리워드 이벤트",https://n.news.naver.com/mnews/article/003/0013366808
20250716,"""너무 올랐나"" 차익실현 매물에 KB금융 5%↓…시총 6위로[핫종목]",https://n.news.naver.com/mnews/article/421/0008374113
20250716,'코스피 3200 회복 불발' 3180대 하락 마감 [fn마감시황],https://n.news.naver.com/mnews/article/014/0005377982
20250716,삼성증권 개인형 연금잔고 20조 돌파…ETF 잔고 31%↑,https://n.news.naver.com/mnews/article/215/0001216496
20250716,"현대차그룹, 인천국제공항 '전동 휠체어' 대여 서비스 개시",https://n.news.naver.com/mnews/article/417/0001089659
20250716,기관 매도세에 3200선 내준 코스피...코스닥은 약보합 [마감],https://n.news.naver.com/mnews/article/018/0006067143
20250716,호황 후 조정 들어간 건설株…“하반기도 상승 여력”,https://n.news.naver.com/mnews/article/014/0005377972
20250716,차익실현 물량에 코스피 '주춤'…3180선 후퇴[시황종합],https://n.news.naver.com/mnews/article/421/0008374099
20250716,"에코마케팅, 자사주 취득 소식에 14%가량 급등(종합)",https://n.news.naver.com/mnews/article/001/0015511329
20250716,"스테이블코인株, 트럼프 가상화폐법 찬성 설득 소식에 반등 마감(종합)",https://n.news.naver.com/mnews/article/001/0015511326
20250716,"""너무 많이 올랐다""...증권사 투자의견 하향 급증",https://n.news.naver.com/mnews/article/014/0005377967
20250716,"""너무 올라 불안하네""... 증시 고점에 곱버스 베팅하는 개미들",https://n.news.naver.com/mnews/article/014/0005377966
20250716,"휠체어 전동화 키트 무상 대여…현대차그룹, 인천공항서 '휠셰어' 개시",https://n.news.naver.com/mnews/article/011/0004509845
20250716,"코스피, 3186.38로 하락 마감… KB금융 5%대↓",https://n.news.naver.com/mnews/article/417/0001089657
20250716,"코스피, 美물가 우려에 3200선 내줘…코스닥도 약보합 마감",https://n.news.naver.com/mnews/article/277/0005623554
20250716,"HLB펩 ""원료 공급한 류프로렐린 완제품 식약처 허가""",https://n.news.naver.com/mnews/article/417/0001089656
20250716,"프로티나, 공모가 1.4만 원 확정…수요예측 경쟁률 1199:1 '흥행' [시그널]",https://n.news.naver.com/mnews/article/011/0004509844
20250716,"생활가전 기업 오아, 스팩 합병…9월 코스닥 입성 [시그널]",https://n.news.naver.com/mnews/article/011/0004509843
20250716,"중국 방문한 젠슨 황 ""中 AI는 월드클래스""",https://n.news.naver.com/mnews/article/277/0005623552
20250716,"업비트, 보안분야 채용 플랫폼 '업사이드 링크' 오픈",https://n.news.naver.com/mnews/article/003/0013366750
20250716,"코스피, 美 인플레이션 우려 속 3180대로 밀려…코스닥도 소폭 하락",https://n.news.naver.com/mnews/article/654/0000131748
20250716,"코난테크놀로지, 291억 규모 주주배정 유상증자 결정",https://n.news.naver.com/mnews/article/003/0013366747
20250716,"차바이오텍, CB 전환가액 1만2349원으로 하향 조정",https://n.news.naver.com/mnews/article/003/0013366746
20250716,"""희토류에 베팅"" 미국, 본격 '반격'에…들썩이는 한국 주식",https://n.news.naver.com/mnews/article/015/0005158724
20250716,"환율, 美 금리인하 기대 약화에 5.5원 오른 1,385.7원",https://n.news.naver.com/mnews/article/001/0015511298
20250716,"5대 증권사 “올 3Q, 코스피 3300 돌파” [하반기 증시전망]",https://n.news.naver.com/mnews/article/014/0005377959
20250716,"[올댓차이나] 中 저장지리, 전기차 지커 완전 자회사로…""잔여지분 24억＄에 매수""",https://n.news.naver.com/mnews/article/003/0013366739
20250716,"군인공제회, 부동산 개발형 블라인드 펀드 숏리스트 6개사 선정",https://n.news.naver.com/mnews/article/003/0013366734
20250716,"한국미용데이터, ‘2025년 미용소상공인 재료비 지원사업’ 신청자 1만5천명 돌파",https://n.news.naver.com/mnews/article/011/0004509838
20250716,"코스피, 차익 실현 매물에 0.9%↓…은행·증권주 '털썩'",https://n.news.naver.com/mnews/article/015/0005158720
20250716,"코스피, 美 물가 우려에 0.9% 하락…3200선 아래로[마감시황]",https://n.news.naver.com/mnews/article/003/0013366732
20250716,"ASML, 2분기 호실적…3분기 가이던스는 예상치 하회",https://n.news.naver.com/mnews/article/277/0005623547
20250716,"메리츠證, ‘5조 조달’ SK이노 LNG 유동화 우협 선정 [투자360]",https://n.news.naver.com/mnews/article/016/0002500621
20250716,"거래소, 부산 사상구 'KRX지역아동센터' 52호 개소",https://n.news.naver.com/mnews/article/003/0013366704
20250716,"코스피, 0.90%↓ 마감",https://n.news.naver.com/mnews/article/421/0008374021
20250716,"코스피, 하락 마감…美 물가에 '화들짝'",https://n.news.naver.com/mnews/article/421/0008374020
20250716,"코스피, 3200선 아래로",https://n.news.naver.com/mnews/article/421/0008374019
20250716,코스피·코스닥 동반 하락,https://n.news.naver.com/mnews/article/421/0008374007
20250716,코스피·코스닥 동반 하락,https://n.news.naver.com/mnews/article/421/0008374006
20250716,3200선 아래로 떨어진 코스피,https://n.news.naver.com/mnews/article/421/0008374005
20250716,하락 마감한 코스피,https://n.news.naver.com/mnews/article/421/0008374004
20250716,"코스피, 3200선 아래로",https://n.news.naver.com/mnews/article/421/0008374002
20250716,숨고르기 들어간 코스피,https://n.news.naver.com/mnews/article/421/0008374001
20250716,"코스피 3200 선 아래로, 3186.38 포인트 장마감",https://n.news.naver.com/mnews/article/003/0013366687
20250716,"코스피 3200 선 아래로, 3186.38 포인트 장마감",https://n.news.naver.com/mnews/article/003/0013366686
20250716,"코스피 3200선 아래로, 코스닥 동반 하락 장마감",https://n.news.naver.com/mnews/article/003/0013366685
20250716,"코스피 3200선 아래로, 코스닥 동반 하락 장마감",https://n.news.naver.com/mnews/article/003/0013366684
20250716,"코스피 3200선 아래로 하락, 원달러 환율 상승",https://n.news.naver.com/mnews/article/003/0013366683
20250716,코스피 3200선 아래로 장마감,https://n.news.naver.com/mnews/article/003/0013366681
20250716,"3200선 아래로 내려간 코스피, 원달러 환율 상승",https://n.news.naver.com/mnews/article/003/0013366680
20250716,"NH아문디운용, ‘하나로 TDF’ 4개 빈티지서 5년 수익률 1위",https://n.news.naver.com/mnews/article/011/0004509834
20250716,"코스피, 美물가 우려 속 3,180대 하락 마감…코스닥은 약보합",https://n.news.naver.com/mnews/article/001/0015511265
20250716,"SGA, 최대주주 변경에 사흘 연속 '上'[핫스탁](종합)",https://n.news.naver.com/mnews/article/003/0013366675
20250716,"BNK금융, ‘해양도시전략팀’ 신설… 해수부 이전 선제 대응",https://n.news.naver.com/mnews/article/005/0001790114
20250716,브이엠·일정실업 이어 이오테크닉스도 '자사주 처분' 공시 위반,https://n.news.naver.com/mnews/article/031/0000949259
20250716,"신한운용 'SOL 미국양자컴퓨팅TOP10', 해외주식형 ETF 중 수익률 1위",https://n.news.naver.com/mnews/article/011/0004509830
20250716,"코스피,  0.90% 하락한 3186.38 마감…코스닥 0.08%↓(2보)",https://n.news.naver.com/mnews/article/421/0008373975
20250716,"[S리포트] ⑦""원화 스테이블코인, 없는 것보다 낫다""… 전문가들 제언",https://n.news.naver.com/mnews/article/417/0001089648
20250716,"서학개미, '테슬라→코인'으로 손바뀜…'크립토 위크'에 베팅 확대",https://n.news.naver.com/mnews/article/014/0005377932
20250716,"오아, 미래에셋비전스팩2호와 합병...9월 코스닥 입성",https://n.news.naver.com/mnews/article/014/0005377930
20250716,원·달러 환율 5.5원 오른 1385.7원 마감,https://n.news.naver.com/mnews/article/277/0005623534
20250716,"[외환] 원/달러 환율 5.5원 오른 1,385.7원(15:30 종가)",https://n.news.naver.com/mnews/article/001/0015511239
20250716,"[단독]금융당국 ""조각투자 플랫폼, 발행·유통 분리""",https://n.news.naver.com/mnews/article/008/0005222541
20250716,"코스피 3186.38(▼0.90%), 코스닥 812.23(▼0.08%), 원·달러 환율 1385.7원(▲5.5원) 마감[시황]",https://n.news.naver.com/mnews/article/003/0013366641
20250716,"[속보] 코스닥, 0.65포인트(0.08%) 내린 812.23 마감",https://n.news.naver.com/mnews/article/417/0001089646
20250716,"NH투자증권, 해외이주·자녀유학 컨설팅…이민법인 대양과 협약",https://n.news.naver.com/mnews/article/003/0013366640
20250716,[코스닥] 0.65p(0.08%) 내린 812.23 마감,https://n.news.naver.com/mnews/article/421/0008373956
20250716,[스팟]코스닥 0.65포인트(0.08%) 내린 812.23 마감,https://n.news.naver.com/mnews/article/008/0005222536
20250716,"코스닥, 0.65P 내린 812.23 마감(0.08%↓)",https://n.news.naver.com/mnews/article/277/0005623532
20250716,[코스피] 28.90p(0.90%) 내린 3186.38 마감,https://n.news.naver.com/mnews/article/421/0008373954
20250716,"코스피, 28.90P 내린 3186.38 마감(0.90%↓)",https://n.news.naver.com/mnews/article/277/0005623531
20250716,[코스닥] 0.65p(0.08%) 내린 812.23(장종료),https://n.news.naver.com/mnews/article/001/0015511219
20250716,"[속보] 코스피, 28.90포인트(0.90%) 내린 3186.38 마감",https://n.news.naver.com/mnews/article/417/0001089645
20250716,"로킷헬스케어, 300억 규모 전환사채 발행…글로벌 자금 유치",https://n.news.naver.com/mnews/article/003/0013366637
20250716,[달러·원] 환율 5.5원 오른 1385.7원 (오후 3시 30분),https://n.news.naver.com/mnews/article/421/0008373950
20250716,"코스피, 0.90%↓ 마감…시장금리 상승에 '화들짝'",https://n.news.naver.com/mnews/article/215/0001216486
20250716,[스팟]코스피 28.90포인트(0.90%) 내린 3186.38 마감,https://n.news.naver.com/mnews/article/008/0005222534
20250716,"로킷헬스케어, 글로벌 투자자들로부터 300억 전환사채 유치",https://n.news.naver.com/mnews/article/018/0006067101
20250716,자사주 소각 의무화 법안 또 나왔다…벌써 3번째,https://n.news.naver.com/mnews/article/629/0000407953
20250716,"[코스피] 28.90p(0.90%) 내린 3,186.38(장종료)",https://n.news.naver.com/mnews/article/001/0015511205
20250716,"KB자산운용, ‘RISE 단기특수은행채액티브’ 순자산 1조 원 돌파",https://n.news.naver.com/mnews/article/011/0004509822
20250716,"[S리포트] ⑥스테이블코인, 연내 제도화 추진… CBDC 병행 로드맵 주목",https://n.news.naver.com/mnews/article/417/0001089644
20250716,"거래소, 부산 사상구 ‘KRX지역아동센터’ 52호 개소 지원",https://n.news.naver.com/mnews/article/119/0002979928
20250716,"오아, 미래에셋비전스팩2호와 합병…9월 코스닥 입성",https://n.news.naver.com/mnews/article/003/0013366603
20250716,"신흥, 주당 160원 중간배당 결정",https://n.news.naver.com/mnews/article/003/0013366598
20250716,"신한투자증권, 한국예탁결제원 토큰증권 테스트베드 실증 사업 완료",https://n.news.naver.com/mnews/article/011/0004509820
20250716,"폴라리스세원, 글로벌 로보택시 시장 ‘확장 모드’ 돌입",https://n.news.naver.com/mnews/article/014/0005377918
20250716,"CJ그룹 때린 공정위, TRS 거래 대기업들 비상",https://n.news.naver.com/mnews/article/008/0005222519
20250716,"[S리포트] ⑤'통화 관리 vs 산업 발전'… 원화 스테이블코인, 한은 역할 논쟁",https://n.news.naver.com/mnews/article/417/0001089639
20250716,"이재용 대법원 판결 하루 앞두고…삼성그룹주, 엇갈린 흐름",https://n.news.naver.com/mnews/article/009/0005525918
20250716,"위메이드, '롬: 골든 에이지' 사전예약 100만 돌파",https://n.news.naver.com/mnews/article/648/0000037941
20250716,"VIP운용 ""롯데렌탈, 유상증자 철회해야…소액주주 축출 등 우려""",https://n.news.naver.com/mnews/article/008/0005222514
20250716,"GS건설, 아파트 화재 AI 대응… ""대피 시간 확보""",https://n.news.naver.com/mnews/article/417/0001089637
20250716,"환경부장관 후보자, 영풍 석포제련소 관련 대책 마련 언급",https://n.news.naver.com/mnews/article/648/0000037940
20250716,용산 최고급 복합주거 '더파크사이드 스위트' 청약 마감…최고 41대 1,https://n.news.naver.com/mnews/article/018/0006067072
20250716,"로킷헬스케어, 글로벌 투자자들 300억원 전환사채 투자 “임상 가속 및 글로벌 파트너십 강화”",https://n.news.naver.com/mnews/article/014/0005377906
20250716,"與 김현정, '자사주 3년 이내 소각 의무화' 상법 개정안 발의",https://n.news.naver.com/mnews/article/001/0015511099
20250716,"[S리포트] ④스테이블코인 도입, 핀테크·이커머스 '기회'… 금융권  '위기'",https://n.news.naver.com/mnews/article/417/0001089631
20250716,올 상반기 단기사채 520조원 발행…전년比 31%↑,https://n.news.naver.com/mnews/article/003/0013366521
20250716,"‘수요예측 부진 → 상장대박’ 반전 MNC솔루션, 대주주 투자대박 예고",https://n.news.naver.com/mnews/article/009/0005525908
20250716,2800억 미래에셋 위조 대출 분쟁 ‘강제 증거개시’ 기각,https://n.news.naver.com/mnews/article/138/0002200781
20250716,"'소비자금융 폐지' 한국씨티은행, iM뱅크와 고객 전환 제휴",https://n.news.naver.com/mnews/article/001/0015511096
20250716,"VIP자산운용, 롯데렌탈 유상증자 철회 주주서한 발송",https://n.news.naver.com/mnews/article/003/0013366518
20250716,"‘전력반도체’ 쎄미하우, 코스닥 상장 예비심사 신청",https://n.news.naver.com/mnews/article/009/0005525904
20250716,[단독]증시 불안할 때 오히려 추가수익 얻는 커버드콜 ETF 나온다,https://n.news.naver.com/mnews/article/008/0005222505
20250716,'배당소득 분리과세' 추진에 고배당주 주목…코스피보다 76% 더 올랐다,https://n.news.naver.com/mnews/article/469/0000876230
20250716,엔비디아 中 수출 ‘봉인 해제’에 삼성전자·SK하이닉스 웃는 이유?…美 반도체 관세는 ‘변수’ [투자360],https://n.news.naver.com/mnews/article/016/0002500592
20250716,"파로스아이바이오 윤정혁 대표, 자사주 매입… ""기술이전 자신감""",https://n.news.naver.com/mnews/article/011/0004509810
20250716,"티보, KT 지니TV에 메타데이터 서비스 ‘TMDB’ 및 ‘딥링크’ 데이터 탑재",https://n.news.naver.com/mnews/article/011/0004509808
20250716,"신한투자증권, 예탁원 토큰증권 테스트베드 실증 완료",https://n.news.naver.com/mnews/article/629/0000407929
20250716,"KRX, 부산 사상구 KRX지역아동센터 52호 개소 지원",https://n.news.naver.com/mnews/article/243/0000081365
20250716,"5천피 최대 걸림돌?…""1.6억 찍었다"" 뭉칫돈 여기로 우르르",https://n.news.naver.com/mnews/article/008/0005222499
20250716,"ASML, 실적 호조…반도체 수요 보여주는 순주문, 예상치 큰 폭 상회",https://n.news.naver.com/mnews/article/008/0005222498
20250716,엔비디아 'H20' 대중 수출 재개…SK하이닉스·삼성전자 수혜 부각,https://n.news.naver.com/mnews/article/003/0013366472
20250716,"'황제주' 효성중공업, 2천억 MSCI 패시브 자금 기대 [마켓딥다이브]",https://n.news.naver.com/mnews/article/215/0001216485
20250716,"'자사주 3년 내 소각 의무화' 김현정 의원, 상법개정안 발의",https://n.news.naver.com/mnews/article/003/0013366444
20250716,"E8, AI·디지털 트윈 방위산업 포럼 성료",https://n.news.naver.com/mnews/article/003/0013366445
20250716,"거래소, 시장감시본부 확대 추진…불공정 거래 감시 강화",https://n.news.naver.com/mnews/article/001/0015511042
20250716,[S리포트] ③원화 스테이블코인 법제화 시동… '디지털 결제 주권' 확보 승부수,https://n.news.naver.com/mnews/article/417/0001089623
20250716,"폴라리스세원 ""로보택시 시장 확장 모드 돌입…수주 확대 기대""",https://n.news.naver.com/mnews/article/003/0013366427
20250716,"군인공제회, '국내 부동산 개발형 블라인드펀드' 숏리스트 발표 [fn마켓워치]",https://n.news.naver.com/mnews/article/014/0005377890
20250716,"서진오토모티브, CB 전환가액 2440원으로 상향 조정",https://n.news.naver.com/mnews/article/003/0013366423
20250716,"KB자산운용, ‘RISE 단기특수은행채액티브 ETF’ 순자산 1조 돌파",https://n.news.naver.com/mnews/article/014/0005377884
20250716,"KCGI운용, 홍사욱 전 미래에셋자산운용 채권본부장 영입",https://n.news.naver.com/mnews/article/629/0000407914
20250716,"신한투자증권, 예탁원과 토큰증권 테스트베드 실증 사업 완료",https://n.news.naver.com/mnews/article/003/0013366353
20250716,2분기 '숨 고르기' 들어간 한미약품… 하반기 반전 카드,https://n.news.naver.com/mnews/article/417/0001089617
20250716,"젬스톤 x 스튜디오메타케이, Kia Inspiring Story with Kia AI 전시 콘텐츠 공개",https://n.news.naver.com/mnews/article/011/0004509795
20250716,"[S리포트] ②CBDC에 힘주는 중국, 미국 견제 가능할까",https://n.news.naver.com/mnews/article/417/0001089616
20250716,"[그래픽뉴스] 미국, '크립토 위크'… 하원서 법안 통과 '제동'",https://n.news.naver.com/mnews/article/417/0001089610
20250716,"""이번엔 다를거야""…카카오게임즈, '가디스오더' 23일 베일 벗는다",https://n.news.naver.com/mnews/article/648/0000037938
20250716,"알에프텍 자회사 한주하이텍, 대기업 뚫었다…방산 진출 본격화",https://n.news.naver.com/mnews/article/277/0005623481
20250716,"""에이피알 2Q 해외 매출 190% 성장…마진율 높아""[줌인e종목]",https://n.news.naver.com/mnews/article/421/0008373652
20250716,"신한투자증권, 예탁원 토큰증권 테스트베드 실증 완료",https://n.news.naver.com/mnews/article/648/0000037936
20250716,"한국투자증권, ELW 579종목 신규 상장",https://n.news.naver.com/mnews/article/015/0005158644
20250716,"카카오페이증권, 월간 거래자 수 100만명 돌파",https://n.news.naver.com/mnews/article/014/0005377875
20250716,[S리포트] ①미국은 왜 스테이블코인에 매달릴까… '지니어스 법안'에 쏠린 눈,https://n.news.naver.com/mnews/article/417/0001089604
20250716,"알에프텍 자회사 한주하이텍, 방산 대기업 납품…방산 진출 본격화",https://n.news.naver.com/mnews/article/003/0013366307
20250716,"뉴트리, 지노마스터 'Time to G' 캠페인 실시",https://n.news.naver.com/mnews/article/003/0013366266
20250716,"코스피, 0.89% 내린 3180선…금융주 급락세",https://n.news.naver.com/mnews/article/018/0006067002
20250716,"프로메디우스, 대한결핵협회와 결핵·골다공증 조기 발견 위한 MOU 체결",https://n.news.naver.com/mnews/article/018/0006066998
20250716,"엔에프씨, 세계 최초 유산균 PDRN 화장품 원료로 북미진출",https://n.news.naver.com/mnews/article/008/0005222467
20250716,[특징주] 중소형 화장품주 성장 주목…청담글로벌 23% 상승,https://n.news.naver.com/mnews/article/009/0005525840
20250716,中수출 재개 허용에 美 AI 반도체주 들썩…엔비디아 또 신고가,https://n.news.naver.com/mnews/article/009/0005525838
20250716,롯데렌탈 유상증자에 행동주의펀드 공세 본격화,https://n.news.naver.com/mnews/article/009/0005525835
20250716,유가 상승했지만 환율 하락 영향에… 수입물가 5개월 연속 내림세,https://n.news.naver.com/mnews/article/469/0000876216
20250716,"알에프텍 자회사 한주하이텍, 방산 대기업 납품… 방산 진출 본격화",https://n.news.naver.com/mnews/article/009/0005525831
20250716,"녹십자, 수두백신 '배리셀라주' 베트남 품목허가 획득",https://n.news.naver.com/mnews/article/417/0001089597
20250716,"트럼프 '의약품 관세' 현실화… 신중한 삼성, SK·셀트는 '대응 끝'",https://n.news.naver.com/mnews/article/417/0001089595
20250716,"'상장폐지 위기' 셀레스트라, 새주인 찾는다 [fn마켓워치]",https://n.news.naver.com/mnews/article/014/0005377857
20250716,"트럼프, '지니어스 법안' 통과 설득…""11명 찬성 합의""",https://n.news.naver.com/mnews/article/277/0005623443
20250716,"KCGI자산운용, 홍사욱 전 미래에셋운용 본부장 영입",https://n.news.naver.com/mnews/article/009/0005525822
20250716,"삼성운용 K방산TOP10 ETF, 상장일 개인 순매수 100억 기록",https://n.news.naver.com/mnews/article/008/0005222458
20250716,"코스피, 3,180선서 등락…외인, 현·선물 1조 '매도'",https://n.news.naver.com/mnews/article/215/0001216464
20250716,"테슬라, 인도 판매 시작…고관세에 모델Y 값 중국 2배",https://n.news.naver.com/mnews/article/277/0005623437
20250716,"카카오페이증권, 월간 거래자 수 100만명 돌파",https://n.news.naver.com/mnews/article/009/0005525819
20250716,"KODEX K방산TOP10, 상장일 개인 순매수 100억 돌파",https://n.news.naver.com/mnews/article/009/0005525818
20250716,"웨스팅하우스 10개 대형 원자로 건설, 두산에너빌 수혜 기대",https://n.news.naver.com/mnews/article/421/0008373460
20250716,올해 상반기 단기사채 520조원 발행…전년보다 31% 증가,https://n.news.naver.com/mnews/article/215/0001216463
20250716,"RISE 단기특수은행채액티브 ETF, 순자산 1조원 돌파",https://n.news.naver.com/mnews/article/009/0005525815
20250716,"‘건강기능식품’ 오아, 미래에셋비전스팩 2호와 합병 승인",https://n.news.naver.com/mnews/article/009/0005525813
20250716,상장 첫날 '168%' 급등…줄줄이 홈런에 개미들 '함박웃음' [분석+],https://n.news.naver.com/mnews/article/015/0005158623
20250716,이재용 '운명의 날' D-1…삼성그룹주는 희비 엇갈려,https://n.news.naver.com/mnews/article/243/0000081362
20250716,코스피 보합권 지속..3200선 회복할까 [fn오후시황],https://n.news.naver.com/mnews/article/014/0005377843
20250716,1억6000만원대 등락 이어지는 비트코인,https://n.news.naver.com/mnews/article/003/0013366152
20250716,비트코인 주춤하며 1억6000만원대 거래중,https://n.news.naver.com/mnews/article/003/0013366151
20250716,등락 이어지며 비트코인 1억6000만원대,https://n.news.naver.com/mnews/article/003/0013366150
20250716,비트코인 주춤하며 1억6000만원대 거래중,https://n.news.naver.com/mnews/article/003/0013366149
20250716,등락 이어지며 비트코인 1억6000만원대,https://n.news.naver.com/mnews/article/003/0013366148
20250716,비트코인 주춤하며 1억6000만원대 거래중,https://n.news.naver.com/mnews/article/003/0013366147
20250716,등락 이어지며 비트코인 1억6000만원대 거래,https://n.news.naver.com/mnews/article/003/0013366146
20250716,1억6000만원대 등락 이어지는 비트코인,https://n.news.naver.com/mnews/article/003/0013366144
20250716,1억6000만원대 등락 이어지는 비트코인,https://n.news.naver.com/mnews/article/003/0013366143
20250716,상승세 이어가는 알트코인,https://n.news.naver.com/mnews/article/003/0013366142
20250716,암호화폐 법안 제동에 비트코인 12만→11만6000달러대로 급락,https://n.news.naver.com/mnews/article/003/0013366141
20250716,한화證 “MCSI 정기변경서 LIG넥스원 등 5개 종목 편입 전망” [투자360],https://n.news.naver.com/mnews/article/016/0002500541
20250716,오늘의 메모[7월 17일],https://n.news.naver.com/mnews/article/011/0004509769
20250716,"E8, 방위산업 진출 본격화...‘AI·디지털 트윈 방위산업 포럼’ 성료",https://n.news.naver.com/mnews/article/018/0006066977
20250716,"삼성운용 ‘KODEX K방산TOP10’, 상장 당일 개인 순매수 100억",https://n.news.naver.com/mnews/article/119/0002979859
20250716,"[특징주] 에코마케팅, 자사주 취득 소식에 11%대 급등",https://n.news.naver.com/mnews/article/001/0015510668
20250716,"신한투자증권, 예탁원 토큰증권 테스트베드 실증 사업 완료",https://n.news.naver.com/mnews/article/243/0000081359
20250716,"‘5조’ SK이노 LNG 유동화, 우협에 메리츠 선정",https://n.news.naver.com/mnews/article/366/0001092992
20250716,3기 신도시에 '아테라 타운'…금호건설 잇단 공공 수주,https://n.news.naver.com/mnews/article/648/0000037934
20250716,"실적 부진해도 코스피는 3200 돌파, 왜?…“OO이 힘껏 밀었다” [투자360]",https://n.news.naver.com/mnews/article/016/0002500521
20250716,한국타이어 후원 '람보르기니 슈퍼 트로페오' 인제서 개최,https://n.news.naver.com/mnews/article/417/0001089574
20250716,"빗썸, KB증권과 '슈퍼 리워드 이벤트'…""비트코인 1개 지급""",https://n.news.naver.com/mnews/article/008/0005222439
20250716,"아미코젠, 세계 첫 스프레이형 아토피 치료제 상용화 돌입",https://n.news.naver.com/mnews/article/008/0005222438
20250716,"'자사주 3년 내 소각 의무' 김현정 의원, 상법개정안 발의",https://n.news.naver.com/mnews/article/008/0005222435
20250716,"롯데렌탈 유증 막아선 VIP운용 ""재검토 마지막 기회""",https://n.news.naver.com/mnews/article/648/0000037932
20250716,"경영진 지분 매도에도…""실적 상승세 계속된다"" 실리콘투 순매수 1위[주식 초고수는 지금]",https://n.news.naver.com/mnews/article/011/0004509753
20250716,"카카오게임즈, 신작 ‘가디스오더’ 티저 공개…23일 온라인 쇼케이스 실시",https://n.news.naver.com/mnews/article/009/0005525774
20250716,"금감원, 국제회계기준 재단 산하 ITCG 자문위원 임기 3년 연장",https://n.news.naver.com/mnews/article/366/0001092963
20250716,"토르드라이브, '실내물류 최적화' 저상형 자율주행로봇 출시",https://n.news.naver.com/mnews/article/648/0000037931
20250716,의료 AI 기업에 데이터 분석비용 최대 4억원 지원,https://n.news.naver.com/mnews/article/001/0015510470
20250716,경영권 흔들 ‘3% 룰’ 적용땐… 의결권 ‘최대주주 3% < 외부세력 44%’,https://n.news.naver.com/mnews/article/021/0002723127
20250716,"금감원, IFRS 택사노미 자문위원 임기 3년 연장",https://n.news.naver.com/mnews/article/001/0015510468
20250716,"금감원 김갑제 수석조사역, IFRS 택사노미 자문그룹 위원 3년 연임",https://n.news.naver.com/mnews/article/014/0005377804
20250716,김갑제 금감원 수석조사역 IFRS 자문위원 3년 연임,https://n.news.naver.com/mnews/article/003/0013365830
20250716,'TRS 거래로 부실 계열사 지원' CJ·CGV…공정위 65억 과징금 철퇴,https://n.news.naver.com/mnews/article/277/0005623378
20250716,"금감원 직원, IFRS 재단 디지털 택사노미 자문그룹 위원 3년 연임",https://n.news.naver.com/mnews/article/008/0005222418
20250716,"제주도 ""내년까지 4개 기업 코스닥·코넥스 상장 목표""",https://n.news.naver.com/mnews/article/001/0015510448
20250716,"트럼프 ""지니어스법안 통과에 필요한 의원 11명 찬성키로 했다""",https://n.news.naver.com/mnews/article/001/0015510439
20250716,퇴직연금 시장재편⋯농협은행 추월한 한투증권,https://n.news.naver.com/mnews/article/031/0000949140
20250716,코스피 하락 출발… 美 물가 우려·원화약세 겹쳐 ‘숨고르기’,https://n.news.naver.com/mnews/article/021/0002723089
20250716,"대한전선, HVDC 해저케이블 공장 건설에 4천972억 투자",https://n.news.naver.com/mnews/article/001/0015510421
20250716,"""방시혁 비밀 계약 막는다""…거래소, 상장심사 절차 강화",https://n.news.naver.com/mnews/article/011/0004509745
20250716,"인투셀 박태교 대표, 기술이전 해지에 10억원 규모 자사주 매입",https://n.news.naver.com/mnews/article/011/0004509744
20250716,"넥써쓰, AI 기반 게임 제작 서비스 ‘버스8’와 독점 파트너십 체결",https://n.news.naver.com/mnews/article/009/0005525762
20250716,美 크립토위크 '삐걱'…코인시장은 '덤덤',https://n.news.naver.com/mnews/article/648/0000037930
20250716,"""전산장애 더이상 없다""…코스콤, IT 시스템 대대적 점검",https://n.news.naver.com/mnews/article/215/0001216451
20250716,글로벌 금융시장 움직이는 ‘KFS 키즈’ 맹활약 ··· 유태인 뺨치는 네트워크로 급성장,https://n.news.naver.com/mnews/article/009/0005525753
20250716,"스코넥, 신작 VR 호러 어드벤처 'Who's at the Door' 18일 스팀 출시",https://n.news.naver.com/mnews/article/277/0005623361
20250716,"[특징주] 조선주, 증권사 호평 속 강세…HD현대미포 5%대 상승",https://n.news.naver.com/mnews/article/001/0015510355
20250716,"[올댓차이나] 홍콩 증시, 엔비디아 AI칩 공급에 닷새째 상승 출발…H주 0.66%↑",https://n.news.naver.com/mnews/article/003/0013365685
20250716,"코스피, 낙폭 줄이며 3,200선 재돌파 시도…코스닥 810대(종합)",https://n.news.naver.com/mnews/article/001/0015510308
20250716,"정부 정책에 급등하더니 ""오늘 다 파란불""…OO주에 무슨일이",https://n.news.naver.com/mnews/article/008/0005222401
20250716,엔비디아 이어 AMD도 中반도체 수출 재개…주가 6%↑,https://n.news.naver.com/mnews/article/277/0005623355
20250716,"동아쏘시오홀딩스, 주당 700원 분기배당 결정",https://n.news.naver.com/mnews/article/003/0013365663
20250716,"대한전선, 4972억 규모 신규 시설투자 결정",https://n.news.naver.com/mnews/article/003/0013365659
20250716,"비스토스, 아시아 최대 유아용품 전시회 참가...중국 시장 공략 '속도'",https://n.news.naver.com/mnews/article/008/0005222397
20250716,"동아쏘시오홀딩스, 주당 700원 현금배당 결정",https://n.news.naver.com/mnews/article/016/0002500463
20250716,"NH투자증권-쿼타랩, 주식보상 실무전략 세미나 개최",https://n.news.naver.com/mnews/article/366/0001092948
20250716,"아시아금융그룹, 고강도 사업 재편 결실…코스닥 상장사 2곳 '환골탈태'",https://n.news.naver.com/mnews/article/008/0005222395
20250716,"큐브엔터 신인 ‘나우즈’, 미니 1집 ‘IGNITION’ 초동 15만장 돌파…전작 대비 2배",https://n.news.naver.com/mnews/article/009/0005525717
20250716,美 ‘가상자산 3법’ 하원서 일단 제동,https://n.news.naver.com/mnews/article/016/0002500451
20250716,거버넌스포럼 “롯데렌탈-어피니티 자본거래는 심각한 이해충돌”,https://n.news.naver.com/mnews/article/018/0006066914
20250716,CPI發 금리 인하 기대 후퇴…천장 뚫은 코스피 흔들?,https://n.news.naver.com/mnews/article/629/0000407812
20250716,"카카오페이증권, 월간 거래고객 100만명 돌파",https://n.news.naver.com/mnews/article/366/0001092945
20250716,올 상반기 단기사채 자금조달 규모 520조…전년 比 30%↑,https://n.news.naver.com/mnews/article/421/0008372967
20250716,"KCGI운용, '채권운용' 본부로 격상....홍사욱 前미래에셋 본부장 영입",https://n.news.naver.com/mnews/article/014/0005377786
20250716,"쿠콘, 써클·테더와 스테이블코인 전략적 협업 논의 中…상장사 최초 기대감 ‘솔솔’",https://n.news.naver.com/mnews/article/014/0005377784
20250716,"코스피, 장중 3200선 탈환 시도…원·달러 환율 1387원대",https://n.news.naver.com/mnews/article/015/0005158563
20250716,"카카오페이증권, 6월 거래자 수 100만명 돌파…1년 만에 2배 증가",https://n.news.naver.com/mnews/article/119/0002979791
20250716,"한국투자증권, ELW 579종목 신규 상장",https://n.news.naver.com/mnews/article/016/0002500412
20250716,카카오페이증권 월간거래자 100만명 넘어,https://n.news.naver.com/mnews/article/016/0002500411
20250716,"라온피플, AI 기반 교통·도시 솔루션 선보여",https://n.news.naver.com/mnews/article/366/0001092943
20250716,삼성증권 개인형 연금잔고 20조원 돌파,https://n.news.naver.com/mnews/article/016/0002500408
20250716,"VIG파트너스, 비올 지분 89% 확보 “공개매수 대주주 권리 보호 필요”",https://n.news.naver.com/mnews/article/016/0002500407
20250716,커지는 자사주 소각 압박…행동주의펀드 목소리 세진다,https://n.news.naver.com/mnews/article/016/0002500406
20250716,2분기 실적시즌…“화장품·지주사·조선·미디어·건설 주목”,https://n.news.naver.com/mnews/article/016/0002500405
20250716,"VIP운용, 롯데렌탈 유상증자 반대…""소수주주 축출 위험""(종합)",https://n.news.naver.com/mnews/article/001/0015510175
20250716,개인 매수세에도 코스피 3200선 밑돌아… KB금융 3.5% 하락,https://n.news.naver.com/mnews/article/417/0001089552
20250716,"라온피플, 2025 WSCE 참가…AI반도체 활용 스마트시티 최적화 기술 선보여",https://n.news.naver.com/mnews/article/018/0006066896
20250716,"코츠테크놀로지, 150억 규모 EB발행 결정…“신주 발행 없이 자사주 활용”",https://n.news.naver.com/mnews/article/016/0002500382
20250716,"‘SG발 주가조작’ 라덕연, 구속만기 앞 보석 석방…불구속 재판 진행",https://n.news.naver.com/mnews/article/029/0002968537
20250716,[올댓차이나] 중국 증시 혼조 출발…상하이지수 0.06%↓,https://n.news.naver.com/mnews/article/003/0013365501
20250716,“전선·신규 상장주가 뜬다”…AI 인프라·수급 장세에 주목 [진짜 주식 3부],https://n.news.naver.com/mnews/article/215/0001216444
20250716,"큐브엔터 신인 보이그룹 ‘나우즈’, 미니 1집 ‘IGNITION’ 초동 15만장 돌파",https://n.news.naver.com/mnews/article/018/0006066892
20250716,주가조작범 '○○○' 대신 실명 공개…기대와 우려는?,https://n.news.naver.com/mnews/article/648/0000037928
20250716,"다이먼 ""스테이블코인에 관여할 것""…시티도 ""발행 검토 중""",https://n.news.naver.com/mnews/article/001/0015510128
20250716,[올댓차이나] 위안화 기준치 1달러=7.1526위안…0.039% 절하,https://n.news.naver.com/mnews/article/003/0013365472
20250716,"KB증권, 빗썸과 '슈퍼 리워드' 공동 이벤트 실시",https://n.news.naver.com/mnews/article/008/0005222351
20250716,"라온피플, WSCE 참가…스마트시티 최적화 기술 소개",https://n.news.naver.com/mnews/article/003/0013365464
20250716,"VIP운용, 롯데렌탈 유증 철회 요구… “소액주주 축출 막아야”",https://n.news.naver.com/mnews/article/366/0001092931
20250716,[단독]'제2의 방시혁 사태' 막는다…한국거래소 상장심사 개정,https://n.news.naver.com/mnews/article/008/0005222347
20250716,"[단독] 카카오뱅크-한투리얼에셋 컨소시엄, 판교 테크원타워 품는다",https://n.news.naver.com/mnews/article/009/0005525685
20250716,"뉴트리, 지노마스터 MZ 타겟 공략 ‘Time to G’ 캠페인 온에어",https://n.news.naver.com/mnews/article/018/0006066882
20250716,"""STO시장 주도권 노린다""…신한證, 토큰증권 주요기능 검증 완료",https://n.news.naver.com/mnews/article/421/0008372802
20250716,"카카오페이증권, 월간 거래자 수 100만명 돌파…전년比 2배 증가",https://n.news.naver.com/mnews/article/421/0008372787
20250716,"한국거래소, 부산 사상구 KRX지역아동센터 52호 개소 지원",https://n.news.naver.com/mnews/article/008/0005222343
20250716,"예탁원 ""상반기 단기사채 발행 520.1조원…전년比 30.8% ‘쑥’""",https://n.news.naver.com/mnews/article/011/0004509704
20250716,"KCGI자산운용, 홍사욱 전 미래에셋운용 본부장 영입",https://n.news.naver.com/mnews/article/648/0000037927
20250716,"KCGI운용, 채권운용 본부로 격상…미래에셋 본부장 영입",https://n.news.naver.com/mnews/article/215/0001216442
20250716,"KB운용, 단기특수은행채액티브 ETF 순자산 1조 돌파",https://n.news.naver.com/mnews/article/215/0001216441
20250716,"래리 엘리슨, 저커버그 제치고 세계 2위 부자 등극…젠슨 황 9위",https://n.news.naver.com/mnews/article/277/0005623300
20250716,올해 상반기 단기사채 520조원 발행…전년보다 31%↑,https://n.news.naver.com/mnews/article/277/0005623299
20250716,美 기술주로 쏠리는 시장… 16년만 최대,https://n.news.naver.com/mnews/article/277/0005623295
20250716,"KCGI운용, 채권운용팀 본부로 격상…미래운용 출신 홍사욱 본부장 영입",https://n.news.naver.com/mnews/article/018/0006066868
20250716,"‘라이프케어’ 오아, 미래에셋비전스팩2호와 합병…9월 코스닥 입성",https://n.news.naver.com/mnews/article/018/0006066866
20250716,"[특징주] 증권주, 美 CPI 여파에 차익매물 출회…미래에셋 4%대 약세",https://n.news.naver.com/mnews/article/119/0002979753
20250716,가상자산 제도화 첫 관문서 '제동'…비트코인 11만 달러선 후퇴,https://n.news.naver.com/mnews/article/277/0005623290
20250716,"日증시, 美증시 영향으로 상승 출발…닛케이지수 0.14%↑",https://n.news.naver.com/mnews/article/003/0013365404
20250716,"日 야스다, 유니온바이오메트릭스 지분 5% 확보…“전략적 파트너십 강화”",https://n.news.naver.com/mnews/article/018/0006066862
20250716,"㈜미니게이트, ‘위티버스’의 창의융합형 신규 콘텐츠 공개...유아교육 사업 지사 모집 설명회 성료",https://n.news.naver.com/mnews/article/011/0004509697
20250716,"[올댓차이나] 中 완커기업, 부동산 침체로 상반기 최대 2.3조원 적자",https://n.news.naver.com/mnews/article/003/0013365380
20250716,"이창용 총재 ""한은 거시건전성 역할 강화해야""(종합)",https://n.news.naver.com/mnews/article/001/0015510017
20250716,"8월 전, 시장 무너질 구간이 온다""…지수 3800 가기 전 반드시 피해야 할 구간은? [진짜 주식 2부]",https://n.news.naver.com/mnews/article/215/0001216438
20250716,"한국거래소, 부산 사상구 KRX지역아동센터 52호 개소 지원",https://n.news.naver.com/mnews/article/018/0006066856
20250716,"‘자산1000억’ 상장사 자금부정통제 공시 의무화…상장협, 효과적 대응 전략 공개",https://n.news.naver.com/mnews/article/016/0002500357
20250716,"신한투자 ""토큰증권 테스트베드 실증 완료…인프라 점검""",https://n.news.naver.com/mnews/article/001/0015510007
20250716,상반기 단기사채 자금조달 520조…전년比 30% 증가 [투자360],https://n.news.naver.com/mnews/article/016/0002500355
20250716,"VIP운용, 롯데렌탈 유상증자 반대…""소수주주 축출 우려""",https://n.news.naver.com/mnews/article/001/0015509996
20250716,"""2년 내 파이프라인 20개"" 리가켐바이오, 한 달새 20%↑[주톡피아]",https://n.news.naver.com/mnews/article/018/0006066847
20250716,"카티스, 'AI 지문 인증 시스템' 국내 특허 등록 ""기술 경쟁력 강화""",https://n.news.naver.com/mnews/article/008/0005222324
20250716,“전국 학교의 조리매연 사각지대 해소한다” 에어데이터랩 조리매연 저감장치 상용화,https://n.news.naver.com/mnews/article/011/0004509694
20250716,"[아침밥] 삼성증권 ""디어유, 2분기 이익 성장 전망… 목표주가 상향""",https://n.news.naver.com/mnews/article/417/0001089538
20250716,"채권 힘주는 KCGI운용, 홍사욱 前 미래에셋운용 본부장 영입",https://n.news.naver.com/mnews/article/366/0001092918
20250716,"[아침밥]신한증권 ""한국콜마, 미국법인 급성장으로 하반기 기대""",https://n.news.naver.com/mnews/article/417/0001089536
20250716,"롯데렌탈에 서한 보낸 VIP자산운용 ""유상증자 강행하면 민·형사 책임""",https://n.news.naver.com/mnews/article/417/0001089535
20250716,"대원미디어, ‘극장판 도라에몽: 진구의 그림이야기’ 국내 수입",https://n.news.naver.com/mnews/article/018/0006066840
20250716,"네오위즈, ‘P의 거짓: 서곡’·‘브라운더스트2’ 흥행에 2Q 실적 기대감 ‘UP’",https://n.news.naver.com/mnews/article/009/0005525666
20250716,"코스피, 사상 최고치 앞두고 3,200선 아래로…美 CPI 경계감에 외국인·기관 매도",https://n.news.naver.com/mnews/article/243/0000081349
20250716,"카카오페이증권, 월간 거래 고객수 100만명 돌파",https://n.news.naver.com/mnews/article/008/0005222320
20250716,코스피 3190선 횡보…반도체주 엇갈린 흐름 속 관망세 [fn오전시황],https://n.news.naver.com/mnews/article/014/0005377737
20250716,"미디어젠, 개발도상국 대상 AI 기술 견학 행사 성료",https://n.news.naver.com/mnews/article/008/0005222319
20250716,"거래소, 부산서 'KRX지역아동센터' 개소식 개최",https://n.news.naver.com/mnews/article/015/0005158538
20250716,"[시황] 코스피, 美 CPI 경계감에 3200선 반납…외인·기관 ‘팔자’",https://n.news.naver.com/mnews/article/119/0002979736
20250716,"""미래가치 선점 기회""… ‘이천서희스타힐스SKY’, 수도권 남부 핵심 주거벨트로 부상",https://n.news.naver.com/mnews/article/011/0004509687
20250716,美 가상자산 3법 '난항'…국내 스테이블코인株 '급제동'[핫종목],https://n.news.naver.com/mnews/article/421/0008372676
20250716,"유니온바이오메트릭스, 日 야스다가 지분 5% 확보 ""전략적 파트너십 강화""",https://n.news.naver.com/mnews/article/008/0005222315
20250716,"안진·상장협, '자금부정통제 공시 의무화' 설명회",https://n.news.naver.com/mnews/article/003/0013365305
20250716,"NH투자증권-쿼타랩, ‘주식보상 실무전략 2025’ 세미나 개최",https://n.news.naver.com/mnews/article/018/0006066835
20250716,"지누스, 미국-인도네시아 무역 협상 타결에 5%대 강세[이런국장 저런주식]",https://n.news.naver.com/mnews/article/011/0004509681
20250716,"""한은의 거시건전성 정책 수단, 이래서 필요"" 콘퍼런스서 재차 강조한 이창용 총재(종합)",https://n.news.naver.com/mnews/article/277/0005623256
20250716,"유니온바이오메트릭스, 日 야스다가 지분 5% 확보",https://n.news.naver.com/mnews/article/003/0013365293
20250716,"딜로이트안진-상장협, 오는 23일 자금부정통제 공시 전략 설명회 개최",https://n.news.naver.com/mnews/article/008/0005222312
20250716,[특징주]스테이블코인주 약세…美하원 '지니어스 법안' 제동 여파,https://n.news.naver.com/mnews/article/277/0005623255
20250716,"애플, 美 희토류 업체 투자에…성안머티리얼스, 14% 급등[핫종목]",https://n.news.naver.com/mnews/article/421/0008372655
20250716,삼성전자·SK하이닉스 '주춤'…韓증시 약보합권,https://n.news.naver.com/mnews/article/215/0001216431
20250716,"카티스, 'AI 지문 인증 시스템' 국내 특허 등록",https://n.news.naver.com/mnews/article/003/0013365266
20250716,"아마존 뷰티 또 1위… 에이피알, 3분기 '1조 클럽' 순항",https://n.news.naver.com/mnews/article/417/0001089526
20250716,"시알홀딩스, 주당 200원 중간배당 결정",https://n.news.naver.com/mnews/article/003/0013365249
20250716,"넥스지, 16일 일본 두번째 앨범 '원 바이트' 발매",https://n.news.naver.com/mnews/article/008/0005222309
20250716,美 가상자산 3법 통과 난항에 비트코인 118K선 후퇴  [매일코인],https://n.news.naver.com/mnews/article/009/0005525654
20250716,"""中 공급 개혁 정책 강해져…철강·화학·건설기계 영향""",https://n.news.naver.com/mnews/article/277/0005623248
20250716,"빗썸, KB증권과 ‘슈퍼 리워드 이벤트",https://n.news.naver.com/mnews/article/009/0005525653
20250716,"NH-Amundi ‘하나로 TDF’, 5년 수익성·안정성 최상위",https://n.news.naver.com/mnews/article/009/0005525652
20250716,"KCGI자산운용, 채권운용 본부로 격상",https://n.news.naver.com/mnews/article/277/0005623245
20250716,"신한투자증권, 토큰증권 실증 사업 완료…""시장 주도권 선점""",https://n.news.naver.com/mnews/article/018/0006066817
20250716,"카티스, 'AI 지문 인증 시스템' 국내 특허 등록…""기술 경쟁력 강화""",https://n.news.naver.com/mnews/article/018/0006066816
20250716,"코스피, ‘美 물가 우려’에 3200선 반납…스테이블코인 관련주 줄하락 [투자360]",https://n.news.naver.com/mnews/article/016/0002500324
20250716,"파수, 강력해진 '마인드셋'으로 랜섬웨어 예방 돕는다",https://n.news.naver.com/mnews/article/277/0005623243
20250716,"NH證·쿼타랩, '주식보상 실무전략 2025' 세미나 개최",https://n.news.naver.com/mnews/article/014/0005377712
20250716,"대신증권, 미국주식 소수점 투자 더블 혜택 이벤트",https://n.news.naver.com/mnews/article/009/0005525649
20250716,"업비트, 보안 인재 채용 연계 플랫폼 ‘업사이드 링크’ 오픈",https://n.news.naver.com/mnews/article/009/0005525648
20250716,"‘주식모으기·해외주식 인기’…카카오페이증권, 월간 거래자 수 100만명 돌파",https://n.news.naver.com/mnews/article/016/0002500316
20250716,"CR홀딩스, 주당 200원 현금배당 결정",https://n.news.naver.com/mnews/article/016/0002500315
20250716,"신한투자증권 ""토큰증권(STO) 테스트베드 실증 사업, 성공적 완료""",https://n.news.naver.com/mnews/article/138/0002200737
20250716,'AI 혁신실' 만든 에코프로…AI 도입 본격 속도 낸다,https://n.news.naver.com/mnews/article/648/0000037925
20250716,"한국투자증권, ELW 579종목 신규 상장",https://n.news.naver.com/mnews/article/018/0006066811
20250716,[특징주] 코스피 약세 속 증권주 장초반 동반 하락세,https://n.news.naver.com/mnews/article/001/0015509847
20250716,"차바이오텍, 세포유전자치료제 보조금 수령… ""기술력 확보 기회""",https://n.news.naver.com/mnews/article/417/0001089524
20250716,삼일PwC “가치 중시 ‘열망 소비자’ 부상…80% 기후변화 우려”,https://n.news.naver.com/mnews/article/018/0006066809
20250716,"VIP운용 ""롯데렌탈 유증 강행시 소액주주 강제 축출 우려""[시그널]",https://n.news.naver.com/mnews/article/011/0004509671
20250716,"[클릭 e종목]""SK텔레콤, 최악의 국면은 지났다""",https://n.news.naver.com/mnews/article/277/0005623238
20250716,"쎄미하우, 코스닥 상장 본격화…예심 신청서 제출 [시그널]",https://n.news.naver.com/mnews/article/011/0004509667
20250716,"[특징주] SGA, 최대주주 변경·345억 유증 소식에 사흘 연속 上",https://n.news.naver.com/mnews/article/366/0001092903
20250716,"신한투자증권, 예탁원 토큰증권 테스트베드 실증 사업 완료",https://n.news.naver.com/mnews/article/277/0005623236
20250716,한·중관계 개선 기대감에…화장품株 동반 상승[핫종목],https://n.news.naver.com/mnews/article/421/0008372545
20250716,"삼성증권, 개인형 연금잔고 20조원 돌파…올해 약 17.6%↑",https://n.news.naver.com/mnews/article/008/0005222298
20250716,"하나은행, 학자금 대출 장기연체 청년 신용 회복 지원",https://n.news.naver.com/mnews/article/001/0015509828
20250716,"SOL 미국양자컴퓨팅TOP10, 전체 해외주식형 ETF 중 수익률 1위",https://n.news.naver.com/mnews/article/009/0005525640
20250716,"美 가상화폐 법안 제동…스테이블코인 관련주, 일제히 급락",https://n.news.naver.com/mnews/article/009/0005525636
20250716,"엔화, 美 장기금리 상승에 달러 매수로 1달러=148엔대 후반 하락 출발",https://n.news.naver.com/mnews/article/003/0013365154
20250716,"KODEX K방산TOP10, 상장일 개인 순매수 100억 돌파",https://n.news.naver.com/mnews/article/277/0005623229
20250716,"코스피, 미 물가 우려에 3200선 밑돌아…외국인 1619억원 순매도",https://n.news.naver.com/mnews/article/654/0000131696
20250716,[특징주] 미국 가상화폐 3법 통과 제동에 관련주 하락,https://n.news.naver.com/mnews/article/001/0015509812
20250716,"에이바자르, 네이처팩토리와 글로벌 유통 확보 MOU 체결",https://n.news.naver.com/mnews/article/277/0005623226
20250716,"미디어젠, 개발도상국 대상 AI 기술 견학 행사 성료",https://n.news.naver.com/mnews/article/018/0006066793
20250716,수출 호조+한중 관계 개선 기대에…한국화장품 17%대 급등,https://n.news.naver.com/mnews/article/008/0005222294
20250716,트럼프 암호화폐 법안 부결 소식에…스테이블코인株 동반 약세,https://n.news.naver.com/mnews/article/015/0005158514
20250716,상반기 단기사채 자금조달 520조…전년비 30.8%↑,https://n.news.naver.com/mnews/article/018/0006066789
20250716,"NH-아문디, ‘하나로 TDF’ 4개 빈티지서 5년 수익률 1위 [투자360]",https://n.news.naver.com/mnews/article/016/0002500295
20250716,"미디어젠, 개발도상국 대상 AI 기술 견학 행사 성료",https://n.news.naver.com/mnews/article/003/0013365132
20250716,"VIG, 비올 지분 확보 착착…“공개매수 대주주 권리 보호 필요” 목소리 [투자360]",https://n.news.naver.com/mnews/article/016/0002500293
20250716,"한국투자증권, 지수형·종목형 ELW 579종목 신규 상장",https://n.news.naver.com/mnews/article/011/0004509662
20250716,"KB증권, 빗썸과 ‘슈퍼 리워드’ 공동 이벤트 실시",https://n.news.naver.com/mnews/article/016/0002500292
20250716,"에이바자르, 네이처팩토리와 글로벌 유통 관련 MOU 체결",https://n.news.naver.com/mnews/article/003/0013365129
20250716,"한국투자증권, ELW 579종목 신규 상장",https://n.news.naver.com/mnews/article/003/0013365123
20250716,"삼성증권 ""총 개인형 연금잔고 20조원 돌파""",https://n.news.naver.com/mnews/article/015/0005158510
20250716,"“하루 1000명에 테슬라株 증정” 대신증권, 미국주식 소수점 투자 이벤트",https://n.news.naver.com/mnews/article/016/0002500288
20250716,올해 상반기 단기사채 520조원 발행…전년보다 31%↑,https://n.news.naver.com/mnews/article/001/0015509794
20250716,시진핑 방한 기대감에 한국화장품 10%대 급등…에이피알·마녀공장도↑[이런국장 저런주식],https://n.news.naver.com/mnews/article/011/0004509661
20250716,"속도내는 자사주 소각 의무화...증권가 ""KCC 자사주 가치 부각""",https://n.news.naver.com/mnews/article/648/0000037924
20250716,"증시 폭발에 신난 카카오페이증권… ""월간 거래자 수 100만명 돌파, 전년동기 2배""",https://n.news.naver.com/mnews/article/138/0002200723
20250716,"""엇갈린 코인 대장들""…비트코인 '롤러코스터', 이더리움 '질주'",https://n.news.naver.com/mnews/article/003/0013365116
20250716,"스코넥, VR 호러 게임 '후즈 앳 더 도어' 출시…R&D 성과 가시화",https://n.news.naver.com/mnews/article/008/0005222287
20250716,"코스피, 美 물가 우려에 3,200선 아래로…코스닥도 동반 하락(종합)",https://n.news.naver.com/mnews/article/001/0015509787
20250716,"메타텍스쳐, 식물성 지단 대체제 선봬...“기존 계란이 가진 영양학적·위생적 한계 보완하는 ‘새로운 표준’ 제시”",https://n.news.naver.com/mnews/article/011/0004509658
20250716,"KB증권, 빗썸과 '슈퍼 리워드' 공동 이벤트 실시",https://n.news.naver.com/mnews/article/277/0005623215
20250716,"한국투자증권, ELW 579종목 신규 상장",https://n.news.naver.com/mnews/article/277/0005623213
20250716,"[특징주] 한국화장품, 한중 관계 개선 기대감에 17% 강세",https://n.news.naver.com/mnews/article/119/0002979696
20250716,"美 30년물 국채수익률 5% 돌파…""관세발 인플레 시작됐나"" 우려",https://n.news.naver.com/mnews/article/008/0005222286
20250716,"화장품株, 수출 호조·中시장 회복 기대에 동반 급등",https://n.news.naver.com/mnews/article/015/0005158502
20250716,美 ‘가상자산 3법’ 절차 표결서 제동…스테이블코인법은 여전히 통과 전망에 무게 [투자360],https://n.news.naver.com/mnews/article/016/0002500276
20250716,"VIP자산운용 ""롯데렌탈 유증 철회해야…상법개정 첫 시험대""",https://n.news.naver.com/mnews/article/018/0006066777
20250716,"[특징주]코스텍시스, 594억 공급 계약 체결…시총 60% 넘는 대규모 거래↑",https://n.news.naver.com/mnews/article/277/0005623209
20250716,엔비디아 훈풍에도…美 반도체 관세 부과 예고에 SK하닉 1%대 약세[핫종목],https://n.news.naver.com/mnews/article/421/0008372487
20250716,"NH투자증권, '주식보상 실무전략 2025' 세미나 개최",https://n.news.naver.com/mnews/article/277/0005623207
20250716,"쎄미하우, 상장예비심사신청서 제출...코스닥 상장 준비 본격화",https://n.news.naver.com/mnews/article/018/0006066776
20250716,"NH證·쿼타랩, ‘주식보상 실무전략 2025’ 세미나 개최",https://n.news.naver.com/mnews/article/016/0002500269
20250716,"메타로보틱스, 다스홀딩 자회사 손잡고 중동 시장 진출",https://n.news.naver.com/mnews/article/366/0001092895
20250716,"CPI 예상 상회, 금리인하 가능성 낮아져…선물 일제↓ 나스닥 0.31%",https://n.news.naver.com/mnews/article/421/0008372475
20250716,"한투증권, 지수형·종목형 ELW 579종목 신규 상장",https://n.news.naver.com/mnews/article/001/0015509750
20250716,"삼성증권, 개인형 연금잔고 20조원 돌파…6개월새 17.6% 성장 [투자360]",https://n.news.naver.com/mnews/article/016/0002500268
20250716,"VIP운용, 롯데렌탈에 행동주의 행보 ""불법 유상증자 즉시 철회""",https://n.news.naver.com/mnews/article/031/0000949044
20250716,"삼성증권, 개인형 연금잔고 20조원 돌파",https://n.news.naver.com/mnews/article/029/0002968493
20250716,"[특징주]오리온, 기대에 못미친 잠정실적에 약세",https://n.news.naver.com/mnews/article/277/0005623204
20250716,코스피 장 초반 3200선 하회…코스닥도 약세 출발,https://n.news.naver.com/mnews/article/277/0005623203
20250716,[특징주] 이재용 대법원 판결 앞둔 삼성그룹주 엇갈린 흐름,https://n.news.naver.com/mnews/article/001/0015509743
20250716,"에코마케팅, 자사주 매입 소식에 5%대 '상승'",https://n.news.naver.com/mnews/article/015/0005158499
20250716,"에이바자르, 네이처팩토리와 글로벌 유통 확보 MOU",https://n.news.naver.com/mnews/article/018/0006066770
20250716,"아미코젠 협력사 라이산도, 피부 마이크로바이옴 아토피 질환 제품 글로벌 상용화 준비",https://n.news.naver.com/mnews/article/277/0005623200
20250716,"삼성증권, 총 개인형 연금잔고 20조원 돌파",https://n.news.naver.com/mnews/article/243/0000081341
20250716,"SOL 미국양자컴퓨팅TOP10, 상장 4개월 수익률 '우수'",https://n.news.naver.com/mnews/article/277/0005623197
20250716,[특징주]SGA 최대주주 변경에 사흘째 상한가,https://n.news.naver.com/mnews/article/277/0005623196
20250716,"폴라리스AI파마 투자사 쿼드메디슨, 코스닥 상장 예심 청구",https://n.news.naver.com/mnews/article/008/0005222278
20250716,"한국투자증권, ELW 579종목 신규 상장",https://n.news.naver.com/mnews/article/016/0002500264
20250716,"현대바이오, CB 소각·무증 결정에 오버행 우려 해소 ""주주가치 제고""",https://n.news.naver.com/mnews/article/008/0005222277
20250716,"[포토] 코스피, 코스닥 하락 출발",https://n.news.naver.com/mnews/article/277/0005623192
20250716,"[포토] 코스피, 하루만에 3,200선 내줘",https://n.news.naver.com/mnews/article/277/0005623190
20250716,[포토] 오늘의 증시는?,https://n.news.naver.com/mnews/article/277/0005623189
20250716,"SK증권 “링크솔루션, 로봇·항공우주·방산·반도체 등 신규 프로젝트 가시화”",https://n.news.naver.com/mnews/article/014/0005377682
20250716,"[포토] 하루만에 3,200선 무너진 코스피",https://n.news.naver.com/mnews/article/277/0005623188
20250716,[포토] 숨고르기 들어간 코스피,https://n.news.naver.com/mnews/article/277/0005623187
20250716,"베노바이오, 황반변성 신약 'BBRP11001' 글로벌 임상 1상 첫 환자 투여 개시",https://n.news.naver.com/mnews/article/277/0005623185
20250716,ETF 보수인하 확산⋯키움운용·한투운용도 참여,https://n.news.naver.com/mnews/article/031/0000949035
20250716,"[포토] 코스피, 하루만에 3,200선 내줘",https://n.news.naver.com/mnews/article/277/0005623184
20250716,개장 시황은…,https://n.news.naver.com/mnews/article/001/0015509719
20250716,"개장 후 3,200선 밑으로 내려간 코스피",https://n.news.naver.com/mnews/article/001/0015509715
20250716,아이유 거치면 음원 가치 180배 급등…박혜경의 ‘빨간 운동화’ 113원→2만1218원 [투자360],https://n.news.naver.com/mnews/article/016/0002500257
20250716,"[포토]  3,200선 내려간 코스피",https://n.news.naver.com/mnews/article/277/0005623183
20250716,"'숨고르기' 들어간 코스피, 3180선 후퇴…KB금융 3.6%↓[개장시황]",https://n.news.naver.com/mnews/article/421/0008372417
20250716,코스피 장 초반 약세 출발…코스닥도 내려,https://n.news.naver.com/mnews/article/001/0015509713
20250716,"3,200선 밑으로 내려간 코스피",https://n.news.naver.com/mnews/article/001/0015509709
20250716,하락하는 코스피,https://n.news.naver.com/mnews/article/001/0015509707
20250716,"프리미엄 음식물 처리기 '이롭 더 그레블', 지자체 보조금 지원",https://n.news.naver.com/mnews/article/008/0005222274
20250716,"[특징주]'수출 성장 탄력' 오스테오닉, 5%대↑",https://n.news.naver.com/mnews/article/277/0005623181
20250716,"코스피, 외인·기관 매도에 3200선 내줘…환율은 1385.5원",https://n.news.naver.com/mnews/article/629/0000407734
20250716,"“핵심인력 정부인사 발탁, AI 시너지 기대” 네이버 목표가↑-IBK",https://n.news.naver.com/mnews/article/014/0005377678
20250716,"[특징주] 스테이블코인株, 미국 가상화폐 3법 하원 제동에 급락…쿠콘 5%↓",https://n.news.naver.com/mnews/article/119/0002979675
20250716,"KB證, 빗썸과 ‘슈퍼 리워드’ 공동 이벤트 실시",https://n.news.naver.com/mnews/article/018/0006066765
20250716,"알파녹스, '알파AI'로 사명 변경…에이모 대표 합류로 AI 시장 공략",https://n.news.naver.com/mnews/article/277/0005623178
20250716,"폴라리스AI파마, 쿼드메디슨 코스닥 상장 예심 청구",https://n.news.naver.com/mnews/article/003/0013365059
20250716,오늘의 증시는?,https://n.news.naver.com/mnews/article/001/0015509701
20250716,"""파마리서치·태광산업 다 철회했는데"" 버티는 롯데렌탈…주주들은 반발",https://n.news.naver.com/mnews/article/421/0008372405
20250716,"3,200선 내려간 코스피",https://n.news.naver.com/mnews/article/001/0015509700
20250716,"[특징주] 한국화장품, 한중 관계 개선 기대감에 18%대 급등",https://n.news.naver.com/mnews/article/366/0001092889
20250716,"MDS테크, '180억 규모' 알파녹스 지분 매각 소식에 7%↑[특징주]",https://n.news.naver.com/mnews/article/018/0006066761
20250716,코스피 장 초반 약세 출발,https://n.news.naver.com/mnews/article/001/0015509698
20250716,"삼성증권, 개인형 연금잔고 20조 돌파",https://n.news.naver.com/mnews/article/003/0013365055
20250716,"환율, 1,380원대 후반으로 상승…美 물가에 관세정책 여파 반영",https://n.news.naver.com/mnews/article/001/0015509696
20250716,"[아침밥] KB증권 ""파라다이스, 중국인 무비자 입국 수혜 기대""",https://n.news.naver.com/mnews/article/417/0001089506
20250716,"타임폴리오, Korea플러스배당액티브 ETF 0.5% 특별 배당 실시",https://n.news.naver.com/mnews/article/008/0005222264
20250716,"KB증권, 빗썸과 '슈퍼 리워드' 공동 이벤트",https://n.news.naver.com/mnews/article/003/0013365049
20250716,"하나로 TDF, 수익성·안정성 최상위…업계 평균 웃돈 장기 수익률",https://n.news.naver.com/mnews/article/277/0005623174
20250716,"에이비온, CB 전환청구권 행사 소식에 5%대 약세",https://n.news.naver.com/mnews/article/015/0005158486
20250716,"폴라리스AI파마 ""쿼드메디슨, 코스닥 상장 예심 청구""",https://n.news.naver.com/mnews/article/014/0005377674
20250716,"세아베스틸-한화큐셀, 재생에너지 직접전력구매계약 체결",https://n.news.naver.com/mnews/article/417/0001089503
20250716,'TIMEFOLIO Korea플러스배당액티브 ETF' 2025년 1차 특별배당 실시,https://n.news.naver.com/mnews/article/014/0005377673
20250716,상법개정안 국무회의 통과 후 차익실현 폭탄…은행·증권株 '털썩'[핫종목],https://n.news.naver.com/mnews/article/421/0008372392
20250716,"카카오페이증권, 월간 거래자 수 100만명 돌파",https://n.news.naver.com/mnews/article/277/0005623170
20250716,"업비트, 보안 인재 채용 연계 플랫폼 '업사이드 링크' 오픈",https://n.news.naver.com/mnews/article/277/0005623169
20250716,"밸로프, 마브렉스와 ‘크리티카 모바일’ 블록체인 기반 웹3 퍼블리싱 계약 체결",https://n.news.naver.com/mnews/article/018/0006066753
20250716,"에코마케팅, 자사주 취득 발표에 5%대 강세[특징주]",https://n.news.naver.com/mnews/article/018/0006066752
20250716,"전날 연고점 찍은 코스피, 외국인·기관 '팔자'에 3200선 밑으로",https://n.news.naver.com/mnews/article/008/0005222259
20250716,아이유 부른 '빨간 운동화'…원곡 저작권료 한 달 만에 180배 '쑥',https://n.news.naver.com/mnews/article/008/0005222256
20250716,"폴라리스AI파마, 쿼드메디슨 코스닥 상장 예심 청구…“선제적 투자 성과”",https://n.news.naver.com/mnews/article/018/0006066748
20250716,"지놈앤컴퍼니의 미국 자회사 정리법, 제노스코에도 적용될 수 있을까",https://n.news.naver.com/mnews/article/018/0006066747
20250716,매일 미국주식 받자…대신증권 소수점 투자 이벤트,https://n.news.naver.com/mnews/article/277/0005623164
20250716,"[특징주]지누스, 생산기지 '인니' 관세 합의에 5%대↑",https://n.news.naver.com/mnews/article/277/0005623162
20250716,"라온시큐어, 코스타리카 대학·협회·교육기관 대상 디지털 ID 구축",https://n.news.naver.com/mnews/article/277/0005623159
20250716,"NH-아문디운용 ""하나로TDF 장기수익률 1위...5년 수익률 최고 57%""",https://n.news.naver.com/mnews/article/008/0005222253
20250716,"RISE 단기특수은행채액티브 ETF, 순자산 1조 돌파",https://n.news.naver.com/mnews/article/277/0005623158
20250716,"코스피, 美 약세에 3200선 약보합 출발…NAVER·현대모비스↑",https://n.news.naver.com/mnews/article/029/0002968480
20250716,"삼성증권, 총 개인형 연금잔고 20조원 돌파",https://n.news.naver.com/mnews/article/014/0005377665
20250716,"코스피, 차익실현 매물에 3200선 하회…코스닥도 0.8% 하락",https://n.news.naver.com/mnews/article/018/0006066742
20250716,"""선제품 성수기 효과 기대""... 한국콜마, 목표가↑-유진",https://n.news.naver.com/mnews/article/014/0005377664
20250716,"카카오페이증권, 월간 거래자 수 100만명 돌파",https://n.news.naver.com/mnews/article/243/0000081335
20250716,"[특징주]청담글로벌, 中화장품 호실적 전망에 13%↑",https://n.news.naver.com/mnews/article/277/0005623157
20250716,다시 고개 든 환율에 코스피·코스닥 하락 출발,https://n.news.naver.com/mnews/article/366/0001092881
20250716,"""식품산업, 이젠 소비자 '가치관' 노려라""",https://n.news.naver.com/mnews/article/277/0005623153
20250716,트럼프 관세戰 탓 트럼프 꿈 ‘금리 인하’ 더 멀어진 아이러니…‘사상 최고’ 향한 코스피 진격은? [투자360],https://n.news.naver.com/mnews/article/016/0002500233
20250716,"""출장·외근 교통비 쏘카로 절약하세요""",https://n.news.naver.com/mnews/article/648/0000037923
20250716,"코스피, 美 CPI 상승폭 확대에 장 초반 1%대↓…3200선 내줘",https://n.news.naver.com/mnews/article/003/0013365023
20250716,"삼성운용 ‘K방산TOP10’, 상장 첫날 개인 순매수 100억 넘었다 [투자360]",https://n.news.naver.com/mnews/article/016/0002500231
20250716,"[클릭 e종목]""펩트론, 스마트 데포 플랫폼 검증 완료""",https://n.news.naver.com/mnews/article/277/0005623144
20250716,하락세 보이는 코스피,https://n.news.naver.com/mnews/article/003/0013365016
20250716,"KB 특수은행채 ETF, 순자산 1조…""단기 자금 새 대안""",https://n.news.naver.com/mnews/article/001/0015509655
20250716,애플 희토류 자립 소식에…성안머티리얼스 19%대↑[특징주],https://n.news.naver.com/mnews/article/018/0006066737
20250716,개장 후 3200 선 밑으로 내려간 코스피,https://n.news.naver.com/mnews/article/003/0013365018
20250716,개장 후 3200 선 밑으로 내려간 코스피,https://n.news.naver.com/mnews/article/003/0013365013
20250716,하락하는 코스피,https://n.news.naver.com/mnews/article/003/0013365012
20250716,하락세 보이는 코스피,https://n.news.naver.com/mnews/article/003/0013365011
20250716,개장 후 3200 선 밑으로 내려간 코스피,https://n.news.naver.com/mnews/article/003/0013365010
20250716,하락하는 코스피,https://n.news.naver.com/mnews/article/003/0013365009
20250716,개장 후 3200 선 밑으로 내려간 코스피,https://n.news.naver.com/mnews/article/003/0013365007
20250716,3200 밑으로 내려간 코스피,https://n.news.naver.com/mnews/article/003/0013365006
20250716,개장 시황은?,https://n.news.naver.com/mnews/article/003/0013365005
20250716,하락세 보이는 코스피,https://n.news.naver.com/mnews/article/003/0013365004
20250716,하락하는 코스피,https://n.news.naver.com/mnews/article/003/0013365003
20250716,"KB證, 빗썸과 ‘슈퍼 리워드’ 이벤트 실시",https://n.news.naver.com/mnews/article/243/0000081334
20250716,"삼성증권, 개인형 연금잔고 20조원 돌파",https://n.news.naver.com/mnews/article/277/0005623139
20250716,"카카오페이증권, 월간 거래자 100만명 돌파",https://n.news.naver.com/mnews/article/018/0006066735
20250716,"청담글로벌, 본업 성장에 자회사 실적 개선…12%↑[특징주]",https://n.news.naver.com/mnews/article/018/0006066733
20250716,"""풍산, 방산가치 재평가에 구리 가격도 상승 전망…목표가↑[줍줍리포트]",https://n.news.naver.com/mnews/article/011/0004509635
20250716,외국인·기관 매도에 지수 하락 출발...운송창고업 부진,https://n.news.naver.com/mnews/article/215/0001216413
20250716,KB운용 'RISE 단기특수은행채ETF' 상장 3주만에 순자산 1조 돌파,https://n.news.naver.com/mnews/article/008/0005222252
20250716,"코스피, 외인·기관 순매도에 3200선 내줘…코스닥도 '하락'",https://n.news.naver.com/mnews/article/015/0005158468
20250716,"막 오른 2Q 실적 시즌, 서프라이즈 예고 ‘미.지.화.조.건.’ 주목…‘오천피’ 달성 위한 조건은? [투자360]",https://n.news.naver.com/mnews/article/016/0002500226
20250716,"업비트, 보안 인재 채용 연계 플랫폼 '업사이드 링크' 선보여",https://n.news.naver.com/mnews/article/008/0005222250
20250716,엔비디아 4%대 질주에도…삼전·하이닉스 약세[특징주],https://n.news.naver.com/mnews/article/018/0006066727
20250716,"폴라리스AI파마, 쿼드메디슨 코스닥 상장 예심 청구…선제적 투자 성과 재조명",https://n.news.naver.com/mnews/article/277/0005623131
20250716,"실적 호조·한중 관계 개선 수혜 기대…한국화장품, 19%대↑[특징주]",https://n.news.naver.com/mnews/article/018/0006066724
20250716,"아우토크립트, 상장 이틀째 강세…10%↑[특징주]",https://n.news.naver.com/mnews/article/018/0006066722
20250716,"신한운용 ‘美양자컴퓨팅TOP10’, 상장 4개월 만에 수익률 77%…해외주식형 ETF 수익률 1위 [투자360]",https://n.news.naver.com/mnews/article/016/0002500221
20250716,[코스닥] 2.79포인트(0.34%) 내린 810.09 출발,https://n.news.naver.com/mnews/article/011/0004509631
20250716,"SGA, 최대주주 변경에 사흘째 '上'[핫스탁]",https://n.news.naver.com/mnews/article/003/0013364987
20250716,[코스피] 7.80포인트(0.24%) 내린 3207.48 출발,https://n.news.naver.com/mnews/article/011/0004509629
20250716,"스테이블코인 관련주, 美지니어스 법안 부결에 동반 약세[특징주]",https://n.news.naver.com/mnews/article/018/0006066715
20250716,"현대엘리베이터, 장마철 승강기 침수 피해 예방 나서",https://n.news.naver.com/mnews/article/417/0001089497
20250716,"코스피 장 초반 3,200 초반 약세 출발…코스닥도 내려",https://n.news.naver.com/mnews/article/001/0015509607
20250716,"코스피, 하루만에 3,200선 내줘…외국인·기관 '쌍끌이 매도'",https://n.news.naver.com/mnews/article/215/0001216411
20250716,"LS전선, 해저 5동 준공…HVDC 케이블 생산능력 4배↑",https://n.news.naver.com/mnews/article/417/0001089496
20250716,"코스피, 장초반 0.91% 하락한 3185.99…3200선 붕괴(2보)",https://n.news.naver.com/mnews/article/421/0008372341
20250716,"오리온, 가성비 제품으로 성장률 회복 기대…목표가 14만-NH",https://n.news.naver.com/mnews/article/008/0005222243
20250716,"아미코젠 협력사, 피부 마이크로바이옴 기반 스프레이형 아토피 솔루션 “해외공략↑”",https://n.news.naver.com/mnews/article/014/0005377656
20250716,"코스피, 0.24%(7.80포인트) 내린 3207.48 출발",https://n.news.naver.com/mnews/article/629/0000407725
20250716,원·달러 환율 5.3원 오른 1385.5원 개장,https://n.news.naver.com/mnews/article/277/0005623128
20250716,"KB자산운용, ‘RISE 단기특수은행채액티브 ETF’ 순자산 1조 돌파 [투자360]",https://n.news.naver.com/mnews/article/016/0002500214
20250716,[속보] 코스피 0.24% 내린 3207.48 출발,https://n.news.naver.com/mnews/article/014/0005377653
20250716,"파인메딕스, 국내 의료진 대상 내시경 기기 체험 심포지엄 성료",https://n.news.naver.com/mnews/article/003/0013364971
20250716,"""KCC, 정책 변화로 높은 자사주 비중 가치 주목…목표가↑""[줍줍리포트]",https://n.news.naver.com/mnews/article/011/0004509624
20250716,"[속보] 코스닥, 2.79포인트(0.34%) 내린 810.09 출발",https://n.news.naver.com/mnews/article/417/0001089492
20250716,"유니퀘스트, 美 롬버스파워와 파트너십 체결",https://n.news.naver.com/mnews/article/003/0013364969
20250716,"[속보] 코스피, 7.80포인트(0.24%) 내린 3207.48 출발",https://n.news.naver.com/mnews/article/417/0001089491
20250716,"[속보]코스피, 0.24% 내린 3207.48 출발…코스닥 0.34%↓",https://n.news.naver.com/mnews/article/018/0006066703
20250716,"‘폭풍질주’ 엔비디아, 사상 첫 170달러 돌파…나스닥은 최고치 경신",https://n.news.naver.com/mnews/article/119/0002979640
20250716,"코스닥, 2.79P 내린 810.09 출발(0.34%↓)",https://n.news.naver.com/mnews/article/277/0005623124
20250716,"KB證 ""파라다이스, 中 단체관광객 입국 확대 기대…목표가↑""",https://n.news.naver.com/mnews/article/001/0015509596
20250716,"코스피, 7.80P 내린 3207.48 출발(0.24%↓)",https://n.news.naver.com/mnews/article/277/0005623123
20250716,[스팟]코스닥 2.79포인트(0.34%) 내린 810.09 출발,https://n.news.naver.com/mnews/article/008/0005222237
20250716,[코스닥] 2.79p(0.34%) 내린 810.09 출발,https://n.news.naver.com/mnews/article/421/0008372335
20250716,"NH證 ""풍산, 구리가격 급등 수혜 기대…목표가↑""",https://n.news.naver.com/mnews/article/003/0013364967
20250716,"[코스피] 7.80p(0.24%) 내린 3,207.48(개장)",https://n.news.naver.com/mnews/article/001/0015509592
20250716,[코스피] 7.80p(0.24%) 내린 3207.48 출발,https://n.news.naver.com/mnews/article/421/0008372334
20250716,"코스피 3207.48(▼0.24%), 코스닥 810.09(▼0.34%), 원·달러 환율 1385.5원(▲5.3원) 개장[시황]",https://n.news.naver.com/mnews/article/003/0013364964
20250716,[코스닥] 2.79p(0.34%) 내린 810.09(개장),https://n.news.naver.com/mnews/article/001/0015509587
20250716,[달러·원] 환율 7.3원 오른 1387.5원 출발,https://n.news.naver.com/mnews/article/421/0008372331
20250716,[스팟]코스피 7.80포인트(0.24%) 내린 3207.48 출발,https://n.news.naver.com/mnews/article/008/0005222236
20250716,"한전, 사우디 태양광·가스복합사업 본격화…5.5조원 금융조달",https://n.news.naver.com/mnews/article/001/0015509581
20250716,"보가9, ESG 경영 트렌드 반영한 '카니발 하이리무진 하이브리드' 선보여",https://n.news.naver.com/mnews/article/011/0004509619
20250716,'위고비 잡자' 개발 막바지 국산 비만치료제 경쟁력은?,https://n.news.naver.com/mnews/article/648/0000037921
20250716,"이창용 ""한은 거시건전성 역할 강화해야""",https://n.news.naver.com/mnews/article/001/0015509576
20250716,"VIP자산운용 ""롯데렌탈 이사회 주주충실의무 다하라""",https://n.news.naver.com/mnews/article/277/0005623116
20250716,"대신증권, 미국 주식 소수점 투자 이벤트 실시",https://n.news.naver.com/mnews/article/018/0006066685
20250716,“하반기 믹스 개선 본격화” HD현대미포 목표가↑-대신,https://n.news.naver.com/mnews/article/014/0005377646
20250716,"하나證 ""SK하닉, AI 수요 호조에 목표가 35만원…비중확대 전략 유지""",https://n.news.naver.com/mnews/article/421/0008372309
20250716,"딜로이트 안진·상장協, 상장사 자금부정통제 공시·공정가치평가 핵심 대응 전략 제시",https://n.news.naver.com/mnews/article/277/0005623114
20250716,"삼성운용 'KODEX K방산TOP10', 상장일 개인 순매수 100억 돌파",https://n.news.naver.com/mnews/article/014/0005377645
20250716,"""케이카, 올해 배당수익률 7.1% 기대""-유진",https://n.news.naver.com/mnews/article/015/0005158451
20250716,"[클릭 e종목]""디어유, 신규 아티스트 입점 효과…목표가↑",https://n.news.naver.com/mnews/article/277/0005623113
20250716,2만원에 산 주식이 3개월 만에…'팔지 말걸' 뒤늦은 탄식 [종목+],https://n.news.naver.com/mnews/article/015/0005158450
20250716,"NH證 ""풍산, '저평가' 방산 부문 재평가, 지속 성장 기대…목표가 29%↑""",https://n.news.naver.com/mnews/article/421/0008372305
20250716,"에스와이스틸텍, 유무상증자 Q&A 홈페이지 게시…""주주와의 소통 강화""",https://n.news.naver.com/mnews/article/215/0001216409
20250716,"빗썸, KB증권과 ‘슈퍼 리워드 이벤트’ 진행…‘하이브리드 투자’ 경험 제공",https://n.news.naver.com/mnews/article/029/0002968464
20250716,"신라젠, 美 FDA에 ‘BAL0891’·면역관문억제제 병용 임상 승인 신청",https://n.news.naver.com/mnews/article/018/0006066678
20250716,"컴투스, 신작 게임 '더스타라이트' 임박…수혜 예상-흥국증권",https://n.news.naver.com/mnews/article/008/0005222232
20250716,"신한운용 ""SOL 미국양자컴퓨팅TOP10, 해외 주식형 ETF 중 수익률 1위""",https://n.news.naver.com/mnews/article/018/0006066675
20250716,[인사] 하나금융지주·하나은행,https://n.news.naver.com/mnews/article/001/0015509568
20250716,"KB證 “엔씨소프트, 신작 5종 출시에 기대감 고조… 목표 주가 19% 상향”",https://n.news.naver.com/mnews/article/366/0001092868
20250716,"셀트리온 ""RA치료제 임상 3상 52주… 유효성·안전성 확보""",https://n.news.naver.com/mnews/article/417/0001089485
20250716,"케이웨더-포스코이앤씨, 'AI 건설기상정보시스템' 개발",https://n.news.naver.com/mnews/article/003/0013364934
20250716,트럼프 '암호화폐 주간' 선포했는데 하원서 '반기'…법안 상정 불발(종합2),https://n.news.naver.com/mnews/article/421/0008372292
20250716,"NH아문디운용 "" '하나로 TDF', 최근 5년 수익률 1위""",https://n.news.naver.com/mnews/article/018/0006066669
20250716,"알파녹스, 30일 임총에서 에이모 임원 영입 ""AI 데이터 시장 진출""",https://n.news.naver.com/mnews/article/008/0005222229
20250716,"알파녹스, '알파AI'로 사명 변경…에이모 대표 합류",https://n.news.naver.com/mnews/article/003/0013364932
20250716,"엔비디아, 결국 뚫었다…中도, 170달러도[오늘M7]",https://n.news.naver.com/mnews/article/018/0006066668
20250716,"롯데쇼핑, 소비쿠폰에 중국 관광객까지…하반기 실적개선 기대-LS",https://n.news.naver.com/mnews/article/008/0005222228
20250716,"삼성운용, ‘KODEX K방산TOP10’ 상장 당일 개인 순매수 100억 돌파",https://n.news.naver.com/mnews/article/018/0006066663
20250716,"LS證 “한국가스공사, 장기적으로 요금 인상 나설 것… 목표가 상향”",https://n.news.naver.com/mnews/article/366/0001092864
20250716,"로킷헬스케어, 과기정통부 장관상 수상 “AI 장기재생 플랫폼 글로벌 상용화 성과 인정”",https://n.news.naver.com/mnews/article/014/0005377637
20250716,"라메디텍, 고기능성 화장품 '레제나' 시리즈 출시",https://n.news.naver.com/mnews/article/003/0013364921
20250716,"디어유, 하반기 실적 성장 모멘텀…목표가 상향-한화",https://n.news.naver.com/mnews/article/008/0005222227
20250716,"LS證 ""가스공사, 미수금 회수액 대폭 줄어…요금 인상 예단 어려워""",https://n.news.naver.com/mnews/article/003/0013364920
20250716,"KB證 “파라다이스, ‘中관광객 무비자 입국 전국 확대' 수혜 기대”",https://n.news.naver.com/mnews/article/366/0001092863
20250716,"“삼성전기, 2분기 추정 실적은…우려 대비 양호한 수준 평가받을 것”",https://n.news.naver.com/mnews/article/009/0005525588
20250716,"[아침밥] 삼성증권 ""솔루스첨단소재 턴 롯데정밀화학, 미 관세 호재""",https://n.news.naver.com/mnews/article/417/0001089479
20250716,"로킷헬스케어, ‘우수 기술혁신 기업 시상식’서 과기정통부 장관상 수상",https://n.news.naver.com/mnews/article/018/0006066651
20250716,"유니퀘스트, 美 롬버스파워와 파트너십 체결",https://n.news.naver.com/mnews/article/018/0006066650
20250716,"KB자산운용, ‘RISE 단기특수은행채액티브’ 순자산 1조 돌파",https://n.news.naver.com/mnews/article/018/0006066646
20250716,“전력기기 장기호황 안 끝났다” 목표가 줄줄이 상향…효성중공업 106.8% ↑ [투자360],https://n.news.naver.com/mnews/article/016/0002500175
20250716,"신한證 ""포스코퓨처엠, 중국산 피하는 수요 확대…목표가 16만원""",https://n.news.naver.com/mnews/article/421/0008372260
20250716,"영림원소프트랩, 한국컴퓨터정보학회 공동 주최 'KSCI-해커톤' 성료",https://n.news.naver.com/mnews/article/018/0006066644
20250716,"알파녹스, ‘알파AI’로 사명 변경…에이모 CEO 합류로 AI 시장 공략",https://n.news.naver.com/mnews/article/014/0005377630
20250716,"""이제는 링크솔루션에 주목해야…3D프린팅 시장 연평균 13%↑""- SK증권",https://n.news.naver.com/mnews/article/008/0005222224
20250716,"신한투자 ""中, 관세 충격에도 견조한 성장…기술주 주목""",https://n.news.naver.com/mnews/article/001/0015509542
20250716,"비트코인, 차익 실현 매물에 12만달러 돌파 하루 만에 하락…美 법안 제동도 악재",https://n.news.naver.com/mnews/article/243/0000081328
20250716,"LS증권 ""한국가스공사, 장기적 요금 인상 기대…목표가 8% ↑""",https://n.news.naver.com/mnews/article/421/0008372251
20250716,"파인메딕스, 국내 의료진 대상 ‘내시경 기기 체험 심포지엄’ 성료",https://n.news.naver.com/mnews/article/018/0006066638
20250716,"채비, ‘구독형 충전 멤버십’ 기반 수익 모델 고도화 속도",https://n.news.naver.com/mnews/article/018/0006066637
20250716,"""신세계인터내셔날, 기대감 주가에 이미 반영…투자의견 '중립'""-SK",https://n.news.naver.com/mnews/article/015/0005158444
20250716,"NH투자 ""풍산 최근 주가 급등은 재평가 과정…목표가↑""",https://n.news.naver.com/mnews/article/001/0015509540
20250716,"라메디텍, 고기능성 화장품 ‘레제나’ 시리즈 출시",https://n.news.naver.com/mnews/article/018/0006066631
20250716,"LS증권, KCC 투자의견·목표가↑…""높은 자사주 비중에 주목""",https://n.news.naver.com/mnews/article/001/0015509538
20250716,"방산 부문 재평가에 구리 가격 급등…풍산, 목표가 29%↑-NH",https://n.news.naver.com/mnews/article/008/0005222221
20250716,"코츠테크놀로지, 150억 규모 EB발행…""재무부담 최소화""",https://n.news.naver.com/mnews/article/018/0006066628
20250716,"알파녹스, ‘알파AI’로 사명 변경…“에이모 대표 합류로 AI 시장 공략”",https://n.news.naver.com/mnews/article/018/0006066624
20250716,"채비, 구독형 충전 멤버십 'V 멤버스' 프로모션",https://n.news.naver.com/mnews/article/003/0013364887
20250716,"TIMEFOLIO Korea플러스배당액티브 ETF, 올해 1차 특별배당",https://n.news.naver.com/mnews/article/277/0005623079
20250716,글로벌 수요 증가 'PBV'… 인프라 확대로 대중화 노려야,https://n.news.naver.com/mnews/article/417/0001089476
20250716,"KCC, 자사주 소각 의무화 시 가치 부각 가능성↑-LS",https://n.news.naver.com/mnews/article/008/0005222219
20250716,"""풍산, 방산 가치 재평가에 구리 가격 급등까지…목표가↑""-NH",https://n.news.naver.com/mnews/article/015/0005158438
20250716,"[클릭 e종목]""파인엠텍, 아이폰 폴더블 수혜 기대""",https://n.news.naver.com/mnews/article/277/0005623077
20250716,美 하원이 '발목'…랠리에 찬물 끼얹다,https://n.news.naver.com/mnews/article/215/0001216404
20250716,"코츠테크놀로지, 150억 규모 EB발행 결정",https://n.news.naver.com/mnews/article/003/0013364875
20250716,"삼성증권 ""전력기계주 목표주가 상향…효성중공업 106.8%↑""",https://n.news.naver.com/mnews/article/001/0015509523
20250716,"NH투자證 ""인텔리안테크, 2분기 실적 턴어라운드 기대""",https://n.news.naver.com/mnews/article/003/0013364871
20250716,관세 징후 포착된 美소비자물가…환율 1390원 경계[외환브리핑],https://n.news.naver.com/mnews/article/018/0006066608
20250716,"美 6월 CPI 상승폭 확대…""환율 1390원대 가능성""",https://n.news.naver.com/mnews/article/003/0013364866
20250716,[굿모닝 증시]물가로 확인된 관세 충격…美기술주 훈풍 탈까,https://n.news.naver.com/mnews/article/277/0005623064
20250716,"오리온, 가성비 제품 비중 확대 추진에 성과 주목해야-NH",https://n.news.naver.com/mnews/article/018/0006066602
20250716,"유진證 “케이카, 7%대 배당수익률 기대… 분리과세 도입 시 매력 부각 전망”",https://n.news.naver.com/mnews/article/366/0001092858
20250716,"더벤처스, 말레이시아 중고 전자기기 플랫폼 후속 투자",https://n.news.naver.com/mnews/article/277/0005623063
20250716,[그래픽] 엔비디아 주가 추이,https://n.news.naver.com/mnews/article/001/0015509517
20250716,[마켓뷰] 트럼프 관세 여파 나타난 美 물가지표…코스피 향방은,https://n.news.naver.com/mnews/article/001/0015509516
20250716,"효성중공업, 2분기도 초고압차단기·미국 수주 '쌍끌이'",https://n.news.naver.com/mnews/article/417/0001089470
20250716,“발행株 10% 즉시 소각” 행동주의 펀드 주주서한…‘자사주 소각 의무화’ 타고 목소리 커질까 [투자360],https://n.news.naver.com/mnews/article/016/0002500156
20250716,"크립토 위크 첫날, 美 하원 분위기 심상치 않다! 원화 스테이블 코인 관련 주식, 더 추락할까? [ 한상춘의 지금세계는]",https://n.news.naver.com/mnews/article/215/0001216403
20250716,"[클릭 e종목]""인텔리안테크, 하반기 성장모멘텀 본격화""",https://n.news.naver.com/mnews/article/277/0005623059
20250716,"""HD현대미포, 고수익 선박 비중 커져 수익성 개선 전망…목표가↑""-대신",https://n.news.naver.com/mnews/article/015/0005158430
20250716,미 9월 기준금리 인하 가능성 50%대…금리 상승 압력↑[채권브리핑],https://n.news.naver.com/mnews/article/018/0006066597
20250716,"'배당소득 분리과세' 시뮬레이션 해보니…""3억 초과 배당소득자 稅부담 7000만원 준다"" [AI 프리즘*금융상품 투자자 뉴스]",https://n.news.naver.com/mnews/article/011/0004509594
20250716,"타임폴리오운용, ‘Korea플러스배당액티브’ ETF 특별배당 실시",https://n.news.naver.com/mnews/article/018/0006066595
20250716,"[클릭 e종목] ""中 무비자 확대에 파라다이스, 잭팟 기대""",https://n.news.naver.com/mnews/article/277/0005623058
20250716,애플 투자에 희토류 채굴업체 MP 머티어리얼 20% 폭등(상보),https://n.news.naver.com/mnews/article/421/0008372204
20250716,"美 가상화폐 3법 하원서 '일단 제동'…비트코인, 11만7천달러대 등락(종합)",https://n.news.naver.com/mnews/article/001/0015509508
20250716,"180억 규모 최대주주 변경…알파녹스, 에이모와 손잡고 자율주행 시장 진출 가속",https://n.news.naver.com/mnews/article/215/0001216402
20250716,"‘최고가 경신’ 비트코인, 차익실현 매도에 11만7000달러선까지 등락 [투자360]",https://n.news.naver.com/mnews/article/016/0002500150
20250716,"HD현대중공업, 올 하반기 LNG선 발주 기대감 유효…목표가↑-키움",https://n.news.naver.com/mnews/article/018/0006066589
20250716,"美 소비자물가, 관세 압력 아직… “서비스 물가에 허 찔려”",https://n.news.naver.com/mnews/article/366/0001092857
20250716,"""인플레 우려 속 급등한 엔비디아…韓 증시, 반도체 업종 주목""",https://n.news.naver.com/mnews/article/018/0006066587
20250716,"제약바이오, 2분기에 신약성과 반영 '어디?'",https://n.news.naver.com/mnews/article/648/0000037919
20250716,"전장 키우는 LG이노텍, '디지털키' 고도화…차 부품 매출 1.5조 넘본다",https://n.news.naver.com/mnews/article/648/0000037918
20250716,"“AI 호재에 추가 상승 여력 충분”…SK하이닉스, ‘35만’ 전망까지 나왔다",https://n.news.naver.com/mnews/article/009/0005525571
20250716,"풍산, 방산부문 가치 재평가 중…목표가 29%↑-NH",https://n.news.naver.com/mnews/article/018/0006066583
20250716,비트코인 최고가 찍은 날 ETF에 4000억 몰렸다…이더리움 ETF도 3500억 유입 [투자360],https://n.news.naver.com/mnews/article/016/0002500144
20250716,"[클릭 e종목]""롯데쇼핑 주가 조정, 매수 기회로 삼아야""",https://n.news.naver.com/mnews/article/277/0005623054
20250716,트럼프發 인플레 공포 확산…30년물 美 금리 ‘5% 돌파’ [뉴스새벽배송],https://n.news.naver.com/mnews/article/018/0006066581
20250716,"[클릭 e종목]""풍산, 방산부문 가치 재평가…목표가↑""",https://n.news.naver.com/mnews/article/277/0005623053
20250716,"한국가스공사, 장기적 요금인상 방향 유효…목표가↑-LS",https://n.news.naver.com/mnews/article/018/0006066580
20250716,"CJ대한통운, 자사주 활용 방안에 주목-신한",https://n.news.naver.com/mnews/article/018/0006066578
20250716,"[클릭 e종목]""솔브레인, 3분기 턴어라운드로 성장세 재진입 전망""",https://n.news.naver.com/mnews/article/277/0005623052
20250716,"팬오션, LNG 사업 확장·신규 장기계약 확보 긍정적…목표가↑-상상인",https://n.news.naver.com/mnews/article/018/0006066577
20250716,"美, '엔비디아 H20' 中 수출 깜짝 승인…""올 주주제안 35건 중 77%가 개인"" 목소리 커진 소액주주 [AI 프리즘*주식투자자 뉴스]",https://n.news.naver.com/mnews/article/011/0004509586
20250716,"신세계인터내셔날, 하반기 실적 회복 예상…투자의견 하향·목표가 상향-SK",https://n.news.naver.com/mnews/article/018/0006066576
20250716,"""MSCI 8월변경서 HD현대마린 등 5개 종목 편입""",https://n.news.naver.com/mnews/article/277/0005623050
20250716,"[클릭 e종목]""한화오션, 특수선과 해양 성장 기대""",https://n.news.naver.com/mnews/article/277/0005623049
20250716,"""롯데쇼핑, 하반기 실적 개선세 두드러질 것…목표가 상향""-LS",https://n.news.naver.com/mnews/article/015/0005158425
20250716,"풍산, 하반기 실적 양호…밸류 매력 여전 -KB",https://n.news.naver.com/mnews/article/018/0006066574
20250716,"네오위즈, ‘P의 거짓’ DLC 출시로 2Q 실적 컨센 상회 전망-하나",https://n.news.naver.com/mnews/article/018/0006066573
20250716,"국제유가↓, 러시아 제재 유예에 공급 우려 완화-[원자재&ETF]",https://n.news.naver.com/mnews/article/215/0001216399
20250716,"롯데쇼핑, 2Q 부진에도 하반기 개선 기대…매수 ‘유지’-한국",https://n.news.naver.com/mnews/article/018/0006066571
20250716,"파라다이스, 中단체 무비자입국 전국 확대 임박…목표가 30%↑-KB",https://n.news.naver.com/mnews/article/018/0006066570
20250716,"현대오토에버, 로보틱스 신사업 과도한 기대엔 유의…목표가 11.1%↑-키움",https://n.news.naver.com/mnews/article/018/0006066569
20250716,"""파라다이스, 中단체관광객 무비자 수혜 집중 기대…목표가↑""-KB",https://n.news.naver.com/mnews/article/015/0005158423
20250716,SK하이닉스 35만원까지 간다…개미들 '고점 아냐?' 술렁 [종목+],https://n.news.naver.com/mnews/article/015/0005158421
20250716,"뉴욕증시, CPI 영향 혼조 마감…·나스닥, 사상 최고치 경신",https://n.news.naver.com/mnews/article/629/0000407700
20250716,"SK하이닉스, HBM 이익기여도 50% 육박…목표가 20.7%↑-하나",https://n.news.naver.com/mnews/article/018/0006066568
20250716,"서클 5%-마라 2%, 암호화폐법 상정 불발…관련주 일제↓(종합)",https://n.news.naver.com/mnews/article/421/0008372147
20250716,"자사주 1억주 소각한다는 '미래에셋증권', 그래도 1억주 남는다",https://n.news.naver.com/mnews/article/648/0000037916
20250716,6월 美 CPI 반등…코스피 숨고르기 이어지나,https://n.news.naver.com/mnews/article/003/0013364837
20250716,CPI 경계에 혼조세…'中 수출 재개' 엔비디아 4%↑ [뉴욕증시 브리핑],https://n.news.naver.com/mnews/article/015/0005158418
20250716,"천안시·미래산업, '직업교육 혁신지구' 운영 위한 업무협약",https://n.news.naver.com/mnews/article/003/0013364832
20250716,"미국 하원 암호화폐 법안 부결… 비트코인, 11만6000달러대 급락",https://n.news.naver.com/mnews/article/417/0001089455
20250716,[거버넌스워치] 고려HC 박-신씨 사돈 지분 각 50%…창업주家 견제 장치,https://n.news.naver.com/mnews/article/648/0000037914
20250716,"美하원 암호화폐 관련법 상정 못해, 서클 5% 급락",https://n.news.naver.com/mnews/article/421/0008372142
20250716,[기고]결과로 밝혀지는 퇴직연금 수익률 높이는 왕도,https://n.news.naver.com/mnews/article/018/0006066558
20250716,"""의무 소각 초읽기에""…행동주의 펀드 목소리 커지나",https://n.news.naver.com/mnews/article/215/0001216396
20250716,"'2000억 부정거래' 혐의 방시혁, 檢 고발 눈앞…증선위 소명 기회는 거절",https://n.news.naver.com/mnews/article/421/0008372119
20250716,美하원 암호화폐 법안 상정 못해…비트코인 3% 하락(상보),https://n.news.naver.com/mnews/article/421/0008372118
20250716,"‘中 수출 빗장 해제’ 엔비디아, 주당 170弗 첫 정복…덕분에 나스닥 ‘사상 최고’ 신기록 [투자360]",https://n.news.naver.com/mnews/article/016/0002500118
20250716,"애니플러스, 기다린 자에게 복이…CB 투자자 수익률 '50%'",https://n.news.naver.com/mnews/article/277/0005623030
20250716,[타이어 펑크]③'낮은 마진' 한온에 묶인 한국타이어,https://n.news.naver.com/mnews/article/648/0000037913
20250716,"태광그룹 EB논란, 18일 法심문 시작…신사업 진출 향방 '촉각'[Invest&Law]",https://n.news.naver.com/mnews/article/277/0005623029
20250716,"""본질로 돌아가라""…기업 사냥꾼에서 밸류업 전문가로[신금융권력 사모펀드]③",https://n.news.naver.com/mnews/article/277/0005623028
20250716,"'오르락내리락' 국고채 금리, 상승 vs 하락재료 승자는? [fn마켓워치]",https://n.news.naver.com/mnews/article/014/0005377595
20250716,‘AI 대장’ 엔비디아 中 수출 재개…주가 첫 170달러 돌파,https://n.news.naver.com/mnews/article/021/0002722937
20250716,"'호실적에 주주환원까지' KT, 6만원 돌파 눈앞",https://n.news.naver.com/mnews/article/277/0005623026
20250716,"[이주의 관.종]달바글로벌, '승무원 미스트'에서 글로벌 슈퍼브랜드로",https://n.news.naver.com/mnews/article/277/0005623025
20250716,'파죽지세' 코스피 3210선 뚫자…주당 100만 넘는 '황제주' 속속,https://n.news.naver.com/mnews/article/421/0008372114
20250716,"“트럼프 관세로 물가 상승 확인”…S&P500, 엔비디아 강세에도 ‘뚝’ [투자360]",https://n.news.naver.com/mnews/article/016/0002500114
20250716,엔비디아 4% 오르며 170달러 돌파...나스닥은 또 최고치 경신 [월가월부],https://n.news.naver.com/mnews/article/009/0005525562
20250716,트럼프 관세發 인플레이션 초기 징후…뉴욕 증시 긴장감 고조[데일리국제금융시장],https://n.news.naver.com/mnews/article/011/0004509554
20250716,"증선위, ‘사기적 부정 거래’ 방시혁 오늘 심의… 檢 고발 결론 전망",https://n.news.naver.com/mnews/article/366/0001092849
20250716,"이젠 파월이 '그림자 의장'?…美 재무 ""파월, 임기 끝나면 Fed 떠나야""(종합)",https://n.news.naver.com/mnews/article/277/0005623024
20250716,관세 인플레 유발 조짐에 뉴욕증시↓…엔비디아 4% 급등[월스트리트in],https://n.news.naver.com/mnews/article/018/0006066554
20250716,'영업익 1.5조 넘겠지만'…이통3사 희비 엇갈린다,https://n.news.naver.com/mnews/article/648/0000037911
20250716,[속보] 하원 암호화폐 법안 상정 못해…비트코인 3% 하락,https://n.news.naver.com/mnews/article/421/0008372106
20250716,기술주만 살아남는 비정한 관세 증시[뉴욕마감],https://n.news.naver.com/mnews/article/008/0005222198
20250716,"'인플레 vs 엔비디아' 뉴욕증시, 혼조 마감…나스닥은 최고치(종합)",https://n.news.naver.com/mnews/article/003/0013364795
20250716,"엔비디아, 사상 첫 170달러 돌파…'폭풍질주'",https://n.news.naver.com/mnews/article/215/0001216393
20250716,AMD도 MI308 중국 수출 재개…주가 6% 넘게 올라,https://n.news.naver.com/mnews/article/018/0006066550
20250716,"테슬라 1.93% 하락-루시드 2.64% 상승, 전기차 혼조(상보)",https://n.news.naver.com/mnews/article/421/0008372104
20250716,"테슬라 또 주요 간부 회사 떠나…2% 하락, 시총 1조달러 턱걸이",https://n.news.naver.com/mnews/article/421/0008372100
20250716,[코스피·코스닥 전 거래일(15일) 주요공시],https://n.news.naver.com/mnews/article/001/0015509429
20250716,"[美특징주]서클, 미 하원 암호화폐 법안 표결 무산에 주가 하락",https://n.news.naver.com/mnews/article/018/0006066548
20250716,"한방과 한탕 사이... 서학개미, 거래 3분의 1이 ‘레버리지’ 종목",https://n.news.naver.com/mnews/article/366/0001092842
20250716,금감원장 공백 한 달째… 반토막 난 제재심의위원 후임 위촉도 지연,https://n.news.naver.com/mnews/article/366/0001092840
20250716,美·印 이어 모로코로 영토 넓히는 HD현대…조선 동맹 전방위 강화 [biz-플러스],https://n.news.naver.com/mnews/article/011/0004509535
20250716,美 원전 4배 확대·체코 수주…전력 수요 급증에 원전株 연일 상승 [이런국장 저런주식],https://n.news.naver.com/mnews/article/011/0004509533
20250716,환율 하락에 수입 물가 5개월 연속 하락…6월 0.6%↓,https://n.news.naver.com/mnews/article/001/0015509410
20250716,"""월급 800만원은 못 받지만""…40대 되자 은퇴한 '삼성맨' 근황",https://n.news.naver.com/mnews/article/008/0005222192
20250716,'사기적 부정거래' 의혹 방시혁 증선위 심의…오늘 검찰 고발 결정할 듯,https://n.news.naver.com/mnews/article/008/0005222186
20250716,"엔비디아 4.04% 급등, 반도체지수도 1.27% 상승(종합)",https://n.news.naver.com/mnews/article/421/0008372064
20250716,"뉴욕증시, CPI 우려와 엔비디아 기대…혼조 마감",https://n.news.naver.com/mnews/article/001/0015509400
20250716,'中 수출 재개' 엔비디아 첫 170달러 올라…나스닥 또 최고치(종합),https://n.news.naver.com/mnews/article/001/0015509399
20250716,“FAANG 말고 PARC 들어보셨나요?”...코인계에도 꺾이지 않는 기업 있다,https://n.news.naver.com/mnews/article/009/0005525548
20250716,"엔비디아 4,04% 급등하자 경쟁업체 AMD도 6.41%↑(상보)",https://n.news.naver.com/mnews/article/421/0008372062
20250716,"“SK하이닉스, 엔비디아 훈풍 타고 수익성 개선 흐름 지속…목표가↑”",https://n.news.naver.com/mnews/article/029/0002968431
20250716,[뉴욕증시]6월 CPI 반등·은행 실적 실망에 하락…엔비디아 급등에 나스닥만 ↑,https://n.news.naver.com/mnews/article/277/0005623009
20250716,"엔비디아 4% 급등, 170달러 돌파…시총 4.2조달러 근접",https://n.news.naver.com/mnews/article/421/0008372058
20250716,"삼성전자, 엔비디아 업고 6만전자 탈출 시동…코스피 레벨업 이끄나 [마켓시그널]",https://n.news.naver.com/mnews/article/011/0004509526
20250716,"코렌스이엠, 막대한 지원에도 설비 투자는 미비… '국세 먹튀' 비판도",https://n.news.naver.com/mnews/article/417/0001089452
20250716,"'인플레 vs 엔비디아' 뉴욕증시, 혼조 마감…나스닥은 최고치",https://n.news.naver.com/mnews/article/003/0013364750
20250716,[속보]엔비디아칩 對中수출 해제에 나스닥 신고가…다우존스는 0.98%↓,https://n.news.naver.com/mnews/article/011/0004509524
20250716,[S리포트] ③수익률 1% 미만… 제약업계 '짠내 배당' 속사정,https://n.news.naver.com/mnews/article/417/0001089451
20250716,"관세로 인한 인플레 시작, 미증시 나스닥 제외 일제 하락(상보)",https://n.news.naver.com/mnews/article/421/0008372048
20250716,"[속보] 비트코인, 3000달러 이상 빠져…11만6000달러대 거래 중",https://n.news.naver.com/mnews/article/003/0013364749
20250716,"[속보]뉴욕증시, 인플레 우려·은행 실적 실망에↓…엔비디아는 4% 급등",https://n.news.naver.com/mnews/article/018/0006066517
20250716,"[속보] 나스닥, 엔비디아 주도로 최고치 마감…다우, 인플레 우려에 400P↓",https://n.news.naver.com/mnews/article/005/0001790009
20250716,[S리포트] ②ESG 공시 의무화 목전… 제약업계 '체질 개선',https://n.news.naver.com/mnews/article/417/0001089450
20250716,"[기고]스테이블코인, 기필코 해피엔딩",https://n.news.naver.com/mnews/article/008/0005222168
20250716,"[속보] 나스닥, 엔비디아 주도로 최고치 마감…다우, 인플레 우려에 400P↓",https://n.news.naver.com/mnews/article/003/0013364747
20250716,줄줄이 '1조 클럽' 간다…증권사 2분기에도 호실적 기대감 '솔솔',https://n.news.naver.com/mnews/article/119/0002979590
20250716,[뉴욕증시-1보] CPI 우려와 엔비디아 기대…혼조 마감,https://n.news.naver.com/mnews/article/001/0015509394
20250716,"[속보]뉴욕증시, 혼조세 마감…다우 0.98% ↓",https://n.news.naver.com/mnews/article/277/0005623008
20250716,[속보] CPI 악화에 다우 0.98%↓ 엔비디아 덕에 나스닥은 0.18%↑,https://n.news.naver.com/mnews/article/421/0008372041
20250716,[속보] 애플 투자에 희토류 업체 MP 머티어리얼 20% 폭등,https://n.news.naver.com/mnews/article/421/0008372040
20250716,[S리포트] ①자사주 소각 '물살'… 5대 제약사 살펴보니,https://n.news.naver.com/mnews/article/417/0001089448
20250716,휴가철 온다…술·담배·카지노 관련주 기지개,https://n.news.naver.com/mnews/article/003/0013364732
20250716,"""자금사고, 90% 이상 잡습니다""…회계사가 개발에 뛰어든 사연",https://n.news.naver.com/mnews/article/008/0005222162
20250716,"美 6월 CPI, 관세 타고 반등…소비 둔화·관세 유예에 금리 경로 '안갯속'(종합)",https://n.news.naver.com/mnews/article/277/0005623007
20250716,"트럼프 대러 제재 50일 유예, 국제유가 일제↓ 브렌트 0.62%",https://n.news.naver.com/mnews/article/421/0008372010
20250716,"""해외 파견 복귀하면 입주하려 했는데""…대출 규제에 '발 동동'",https://n.news.naver.com/mnews/article/469/0000876139
20250716,"""지금이야!"" 불뿜는 '코스피 5000' 기대감…국내 ETF 50조원 돌파",https://n.news.naver.com/mnews/article/008/0005222159
20250716,"비트코인, 장기보유자 매도에 고점서 5%↓…11만7천달러선 등락",https://n.news.naver.com/mnews/article/001/0015509384
20250716,"""Fed 갖고 놀지 마라""…'월가 황제' 다이먼, 트럼프에 일침",https://n.news.naver.com/mnews/article/277/0005623006
20250716,코스피 3215… 3년 11개월 만에 최고치,https://n.news.naver.com/mnews/article/020/0003648161
20250716,'中 수출 재개' 엔비디아 주가 170달러 돌파…나스닥 또 최고치,https://n.news.naver.com/mnews/article/001/0015509370
20250716,[주식 매매 상위 종목 및 환율] 2025년 7월 15일자,https://n.news.naver.com/mnews/article/023/0003917296
20250716,[주요경제지표] 2025년 7월 15일자,https://n.news.naver.com/mnews/article/023/0003917290
20250716,"美 6월 CPI, 트럼프 관세 여파에 반등…기준금리 인하 가능성↓",https://n.news.naver.com/mnews/article/629/0000407690
